Instance code,Instance lib,Déclinaison de Copilote,Version majeure de Copilote code,Version majeure de Copilote lib,Version de Copilote,Type BDD,Version BDD,Pool JDBC max,Pool JDBC min,Mémoire vive de la BDD,Max SGA,Nb de CPU de la BDD,Nombre max de curseurs pour une session,Nombre max de processus BDD,nbUsers
XNQDGBYNM58,ZMIFGBZ3,Ventes,V7_1,V7_1,V7_1,Oracle,11.2.0.3.0,150.0,,"25323270144,0","7600078848,0",16.0,2000.0,400.0,0
DTEWGBJ7,OEAFGBZ7D4Z,Superviseur,V2008_06_17,V2008_06_17,V2008_06_17,Oracle,11.2.0.3.0,,,"33471815680,0","7633633280,0",24.0,,,0
LFVGGBTXDE7,FQRZGBML,Ventes,V2014_02_03,V2014_02_03,V2014_02_03,Oracle,11.2.0.3.0,,,"33471815680,0","7633633280,0",24.0,,,0
IKGGGBNW,BGJOGBYE,Ventes,V11_1,V11_1,V11_1.0703761.15/05/2018 16:54,Oracle,11.2.0.3.0,150.0,,"67553763328,0","8053063680,0",32.0,2000.0,150.0,59
SJQOGBRXY0Q,CWIZGBUC2R5,Superviseur,V15_1,V15_1,V15_1.279f8ba.11/06/2020 10:11,Oracle,12.2.0.1.0,300.0,50.0,"21053812736,0","12582912000,0",4.0,2000.0,400.0,10
ALKMGBV9PA9,LKKVGB3WKDF,Superviseur,V16_1,V16_1,V16_1.59ad146.29/09/2020 11:59,Oracle,11.2.0.3.0,500.0,10.0,"270841294848,0","4194304000,0",32.0,600.0,750.0,280
QMZYGBNR,SGMTGBDAQYE,Superviseur,V16_1,V16_1,V16_1.59ad146.29/09/2020 11:59,Oracle,11.2.0.3.0,500.0,10.0,"67585863680,0","4194304000,0",24.0,600.0,750.0,88
IKIHGB7R78K,QLOCGBU3RWC,Superviseur,V16_1,V16_1,V16_1.59ad146.29/09/2020 11:59,Oracle,11.2.0.3.0,500.0,10.0,"67585863680,0","4194304000,0",24.0,600.0,750.0,97
BENBGBE5B8Y,HYVLGBIPAN2,Superviseur,V16_1,V16_1,V16_1.59ad146.29/09/2020 11:59,Oracle,11.2.0.3.0,500.0,10.0,"135365791744,0","4194304000,0",24.0,600.0,750.0,140
QARXGBY8,BJHFGBL6,Superviseur,V14_35,V14_35,V14_35.c308cd0.07/02/2020 15:56,Oracle,11.2.0.3.0,500.0,10.0,"67585863680,0","4194304000,0",24.0,600.0,750.0,85
WUVLGBWAB8W,GAWAGBBA,Ventes,V16_1,V16_1,V16_1.b369679.23/09/2020 18:41,Oracle,11.2.0.3.0,500.0,10.0,"270841286656,0","33554432000,0",32.0,600.0,1000.0,267
EPRJGBRA,HSTFGBE526Z,Superviseur,V14_2,V14_2,V14_2.ec9df5f.02/01/2020 11:31,Oracle,12.2.0.1.0,300.0,50.0,"67095908352,0","12582912000,0",40.0,2000.0,400.0,12
HVSBGBHA,QOWMGBCH,Ventes,V14_2,V14_2,V14_2.ec9df5f.02/01/2020 11:31,Oracle,12.2.0.1.0,300.0,50.0,"33737334784,0","11811160064,0",4.0,2000.0,400.0,21
ZEFPGBGFH9T,VURQGBANUU9,Ventes,V10_3,V10_3,V10_3.e450521.18/02/2020 15:42,Oracle,11.2.0.3.0,150.0,,"101502459904,0","3154116608,0",24.0,2000.0,150.0,4
AAJUGBP66JT,PGXIGBXCP5A,Superviseur,V13_1_1,V13_1_1,V13_1_1.bfa5e9.22/03/2019 18:02,Oracle,11.2.0.4.0,300.0,50.0,"16726040576,0","6291456000,0",4.0,2000.0,400.0,12
JVPQGBRU0V9,HORJGBI77LD,Ventes,V10_3,V10_3,V10_3.1eca33.06/02/2018 12:00,Oracle,11.2.0.4.0,150.0,,"67553378304,0","10502537216,0",32.0,2000.0,150.0,36
SSNGGB17,CEUTGBCH,Ventes,V10_2_1,V10_2_1,V10_2_1.61e77b.03/05/2018 12:18,Oracle,11.2.0.3.0,150.0,,"135333289984,0","8589934592,0",32.0,2000.0,150.0,0
VPMVGBKCYG4,CEUTGBCH,Ventes,V10_2_1,V10_2_1,V10_2_1.61e77b.03/05/2018 12:18,Oracle,11.2.0.3.0,150.0,,"135333289984,0","8589934592,0",32.0,2000.0,150.0,76
GFMZGB6XEMW,PNHDGB0DH24,Superviseur,V13_1_1,V13_1_1,V13_1_1.bfa5e9.22/03/2019 18:02,Oracle,11.2.0.4.0,150.0,50.0,"16726519808,0","6291456000,0",1.0,2000.0,150.0,18
KXLHGBYDCUJ,KNLXGBBMY4V,Ventes,V14_2,V14_2,V14_2.8d92cc3.23/12/2019 18:49,Oracle,11.2.0.4.0,300.0,50.0,"67644063744,0","12582912000,0",24.0,2000.0,400.0,18
KXCTGBKLS8J,RHRLGB1834K,Ventes,V14_1,V14_1,V14_1.31f7d8d.24/10/2019 18:32,Oracle,12.2.0.1.0,300.0,20.0,"66929999872,0","12582912000,0",32.0,2000.0,350.0,16
JSNJGB6C,LUWPGB47,Ventes,master,master,master.5f6a5b0.02/02/2021 21:00,Oracle,11.2.0.4.0,200.0,50.0,"16639864832,0","4999610368,0",4.0,2000.0,350.0,0
HJFPGBRV,TNAEGB0GC7V,Ventes,V15_1,V15_1,V15_1.ed7be67.29/07/2020 18:06,Oracle,11.2.0.4.0,300.0,50.0,"67644280832,0","10502537216,0",24.0,2000.0,400.0,23
QLKFGBQO,CYAOGBGGYHW,Ventes,V14_1,V14_1,V14_1.cd0a777.01/11/2019 17:57,Oracle,12.2.0.1.0,250.0,50.0,"66930315264,0","12582912000,0",32.0,2000.0,350.0,13
AAUWGBH9,ICLYGBG2,Superviseur,V14_3_BELL,V14_3_BELL,V14_3_BELL.f8c1880.06/08/2020 18:49,Oracle,11.2.0.4.0,300.0,50.0,"25198223360,0","12884901888,0",6.0,2000.0,800.0,11
NWAVGBX4370,RSJRGBRO,Superviseur,V14_3_BELL,V14_3_BELL,V14_3_BELL.f8c1880.06/08/2020 18:49,Oracle,11.2.0.4.0,300.0,50.0,"25198223360,0","12884901888,0",6.0,2000.0,800.0,17
HUDPGBQW,KUZSGBL8,Ventes,V14_3_BELL,V14_3_BELL,V14_3_BELL.f8c1880.06/08/2020 18:49,Oracle,11.2.0.4.0,300.0,50.0,"33669660672,0","12884901888,0",6.0,2000.0,400.0,0
MYITGB71HGE,VGPLGBIKFM7,Ventes,V8_1,V8_1,V8_1,Oracle,11.2.0.3.0,,,"67358339072,0","7868514304,0",24.0,,,0
OINVGBMWWX2,RJIKGBDG,Ventes,V16_1,V16_1,V16_1.a9ab127.19/10/2020 15:06,Oracle,12.2.0.1.0,300.0,50.0,"134563479552,0","12582912000,0",40.0,2000.0,400.0,88
HDAHGBOHMLJ,UZNNGBTRUW6,Ventes,V11_2,V11_2,V11_2.c3bf36.27/06/2018 17:45,Oracle,11.2.0.4.0,100.0,,"67064950784,0","16777216000,0",32.0,2000.0,150.0,28
MMKSGBLDNBZ,JQUCGBQY,Ventes,V12_3hib5,V12_3hib5,V12_3hib5.c88b97.16/05/2019 16:09,Oracle,12.2.0.1.0,150.0,50.0,"66923900928,0","12582912000,0",32.0,2000.0,2560.0,13
GLEMGBMVU4P,HCINGBXZ2KJ,Superviseur,V15_3_3,V15_3_3,V15_3_3.079e2c6.07/10/2020 14:30,Oracle,11.2.0.4.0,300.0,50.0,"67527147520,0","12582912000,0",32.0,2000.0,400.0,19
GOPBGB5E0UQ,HSUOGBAI,Superviseur,V15_3_3,V15_3_3,V15_3_3.079e2c6.07/10/2020 14:30,Oracle,11.2.0.4.0,300.0,50.0,"67527147520,0","12582912000,0",32.0,2000.0,400.0,26
HPSGGBL9,EPWBGB6Q5TN,Ventes,V16_2_1,V16_2_1,V16_2_1.1f4ae2f.20/11/2020 16:59,Oracle,11.2.0.3.0,300.0,50.0,"101502459904,0","1610612736,0",24.0,2000.0,400.0,36
ZACBGB6H,TWOOGBSF,Superviseur,V16_1,V16_1,V16_1.acde4ce.16/10/2020 18:52,Oracle,12.2.0.1.0,300.0,50.0,"100333539328,0","12582912000,0",16.0,2000.0,1280.0,53
AISDGBZ0NQM,JZIVGBTK,Ventes,V16_1,V16_1,V16_1.acde4ce.16/10/2020 18:52,Oracle,12.2.0.1.0,300.0,50.0,"100333539328,0","14696841216,0",16.0,2000.0,1280.0,44
RYUBGBDL,KGHJGB7Y,Superviseur,V16_1,V16_1,V16_1.acde4ce.16/10/2020 18:52,Oracle,11.2.0.4.0,300.0,50.0,"67644063744,0","12582912000,0",24.0,2000.0,400.0,28
GFUOGBYKTIA,EMOWGB7FCAW,Ventes,V15_1,V15_1,V15_1.82447d4.27/05/2020 08:38,Oracle,11.2.0.3.0,300.0,50.0,"25265577984,0","7583301632,0",8.0,2000.0,400.0,22
OGBCGBM4,CBBBGBE2,Ventes,V11_2,V11_2,V11_2.52d15b.10/07/2018 09:45,Oracle,12.2.0.1.0,150.0,,"66929774592,0","12582912000,0",32.0,2000.0,2560.0,17
WUHBGBYBPXW,NXWVGB0PXLZ,Ventes,V12_3hib5,V12_3hib5,V12_3hib5.6bc1a1.04/06/2019 18:33,Oracle,11.2.0.3.0,150.0,50.0,"33471782912,0","7868514304,0",24.0,2000.0,150.0,35
EBHUGBIM,HTIPGBU1WI0,Ventes,V14_1,V14_1,V14_1.2c50ed2.25/10/2019 17:30,Oracle,11.2.0.4.0,300.0,50.0,"25198563328,0","6291456000,0",4.0,2000.0,350.0,13
CWZVGB4EYQU,JWQCGB8PPPH,Ventes,V8_2,V8_2,V8_2,Oracle,11.2.0.4.0,150.0,,"67390091264,0","16777216000,0",16.0,2000.0,150.0,39
HMOIGB34VXT,FTELGBRQ,Superviseur,V8_1,V8_1,V8_1,Oracle,11.2.0.4.0,150.0,,"67624943616,0","16777216000,0",12.0,2000.0,150.0,117
ASWYGBVI4OZ,FLJPGBRV,Ventes,V8_1,V8_1,V8_1,Oracle,11.2.0.4.0,150.0,,"67668615168,0","12582912000,0",12.0,2000.0,150.0,51
KFLMGB5FTA6,TSDRGBH6G7S,Superviseur,V15_3,V15_3,V15_3.30e2f93.19/08/2020 11:58,Oracle,12.2.0.1.0,300.0,50.0,"33737371648,0","12582912000,0",4.0,2000.0,400.0,28
GBXDGBII,DUDKGBMTWLY,Ventes,V13_1,V13_1,V13_1.847f04.03/06/2019 17:57,Oracle,12.2.0.1.0,150.0,50.0,"33737383936,0","12582912000,0",4.0,2000.0,320.0,37
WYFWGBZN,DZWVGBONHGH,Superviseur,V10_2_1,V10_2_1,V10_2_1.61e77b.03/05/2018 12:18,Oracle,11.2.0.4.0,150.0,,"33533419520,0","7868514304,0",12.0,2000.0,150.0,22
YHKNGBHIU9L,GJKLGBZ9,Ventes,V11_1,V11_1,V11_1.fd745b.10/04/2018 19:06,Oracle,11.2.0.4.0,150.0,,"67644063744,0","12582912000,0",24.0,2000.0,400.0,16
VHTAGBZ70G8,ZLRGGB5T,Ventes,V15_2,V15_2,V15_2.1027bff.01/06/2020 17:03,Oracle,11.2.0.3.0,500.0,10.0,"203091169280,0","8388608000,0",24.0,600.0,150.0,77
KAJVGBWE,LOCOGB4R,Ventes,V12_1hib5,V12_1hib5,V12_1hib5.818d9a.11/06/2019 11:32,Oracle,11.2.0.3.0,150.0,20.0,"67665309696,0","21005074432,0",24.0,,,50
ONATGBGV,LLGEGBAP,Ventes,V10_3,V10_3,V10_3.7ec5d55.29/05/2018 17:58,Oracle,11.2.0.3.0,150.0,,"67665383424,0","6442450944,0",24.0,2000.0,150.0,1
XEPBGBL4,KRJTGBDT,Superviseur,V10_3,V10_3,V10_3.432ec4.09/03/2018 15:45,Oracle,11.2.0.3.0,150.0,,"67665305600,0","21005074432,0",24.0,2000.0,150.0,55
JNEUGBXQPQ8,HTPKGBYQ,Ventes,V10_3,V10_3,V10_3.f8e07c7.05/06/2019 14:20,Oracle,11.2.0.3.0,150.0,,"67665305600,0","21005074432,0",24.0,2000.0,150.0,72
NKOXGB5V9UT,OQCYGBP3,Ventes,V11_2,V11_2,V11_2.c1e053.31/12/2018 16:38,Oracle,11.2.0.4.0,150.0,,"67528839168,0","7868514304,0",20.0,2000.0,150.0,26
RWSIGBPENX4,ZTBGGBPP,Superviseur,V8_3_2,V8_3_2,V8_3_2,Oracle,11.2.0.3.0,150.0,,"50609520640,0","7868514304,0",24.0,2000.0,400.0,0
IWYXGB2JSA0,SRLBGB0G,Ventes,V8_3_2,V8_3_2,V8_3_2,Oracle,11.2.0.4.0,150.0,,"59055800320,0","5251268608,0",24.0,1000.0,1500.0,0
HMJSGBVW,TUTPGBWJEDO,Ventes,V10_3,V10_3,V10_3.73b6ab.20/03/2018 14:01,Oracle,11.2.0.3.0,150.0,,"33609957376,0","10099884032,0",24.0,2000.0,400.0,23
QZRGGBMGDYX,FZZRGB2Q,Ventes,V15_3_3,V15_3_3,V15_3_3.079e2c6.07/10/2020 14:30,Oracle,11.2.0.4.0,300.0,50.0,"16726097920,0","6291456000,0",4.0,2000.0,400.0,61
KIXFGBRJW0H,RIXDGB9V,Ventes,V9_3,V9_3,V9_3.4d067e03.21/11/2018 15:38,Oracle,11.2.0.4.0,150.0,,"67644280832,0","10502537216,0",24.0,2000.0,150.0,16
XUXMGB6L535,YNLMGBV9NDY,Ventes,V13_2,V13_2,V13_2.4844d35.16/12/2019 18:05,Oracle,11.2.0.4.0,150.0,50.0,"33661542400,0","12582912000,0",6.0,2000.0,150.0,228
ZVUPGBK0,SZDKGBQ3,Ventes,V9_2,V9_2,V9_2.aeba2ee.22/05/2017 17:57,Oracle,11.2.0.4.0,150.0,,"67644280832,0","10502537216,0",24.0,2000.0,150.0,17
UHTCGB60,YMWVGBW6QHZ,Ventes,V10_1,V10_1,V10_1.c4fb88.03/11/2017 17:10,Oracle,11.2.0.3.0,150.0,,"67553386496,0","3154116608,0",32.0,2000.0,250.0,200
RRYWGB7T,OPGJGBV82S0,Ventes,V11_1,V11_1,V11_1.361acbc.16/07/2020 09:59,Oracle,11.2.0.4.0,150.0,,"67554422784,0","16777216000,0",24.0,2000.0,150.0,91
YSXOGBAN,PGRVGBDL,Ventes,V9_3,V9_3,V9_3.64fe062.28/02/2018 12:07,Oracle,11.2.0.4.0,150.0,,"67291324416,0","7868514304,0",24.0,2000.0,150.0,52
BWOKGBHX,JNPFGB5KFU9,Ventes,V13_2,V13_2,V13_2.0732d2e.11/02/2020 14:25,Oracle,11.2.0.4.0,300.0,50.0,"67554484224,0","12582912000,0",24.0,2000.0,400.0,81
YSRVGB6C,QLGNGBGG,Ventes,V13_2,V13_2,V13_2.a07e890.20/04/2020 15:57,Oracle,11.2.0.3.0,300.0,50.0,"25324425216,0","7600078848,0",16.0,2000.0,400.0,14
EXVQGBAFUCD,BYBYGBMG,Ventes,V13_1,V13_1,V13_1.e38792b.06/09/2019 15:06,Oracle,11.2.0.4.0,150.0,50.0,"67291500544,0","8589934592,0",24.0,2000.0,150.0,120
YEIEGBZ6,GQGXGBOAH0Q,Ventes,V13_3_5,V13_3_5,V13_3_5.23e5a60.15/10/2019 12:39,Oracle,11.2.0.4.0,300.0,50.0,"67017781248,0","10502537216,0",24.0,2000.0,350.0,86
IOSYGBU9,STZSGB202U1,Superviseur,V13_3_5,V13_3_5,V13_3_5.23e5a60.15/10/2019 12:39,Oracle,11.2.0.4.0,300.0,50.0,"67359387648,0","10502537216,0",24.0,2000.0,350.0,39
LJBFGBLQ0Z6,HDZVGBWW,Ventes,V15_1_5,V15_1_5,V15_1_5.72064cc.25/09/2020 12:09,Oracle,11.2.0.3.0,300.0,50.0,"101502459904,0","12582912000,0",24.0,2000.0,400.0,50
UCVEGBCNOZZ,GULDGB5Z,Ventes,V8_3,V8_3,V8_3,Oracle,11.2.0.4.0,150.0,,"67526275072,0","12582912000,0",40.0,2000.0,400.0,9
YSFWGBI25P7,ZWHWGB5Z,Superviseur,V10_2_1,V10_2_1,V10_2_1.61e77b.03/05/2018 12:18,Oracle,11.2.0.4.0,150.0,,"33529982976,0","7868514304,0",40.0,2000.0,150.0,23
XHWDGBNB,RUXXGBT7SDJ,Ventes,V16_1_2,V16_1_2,V16_1_2.e5e6276.09/11/2020 17:52,Oracle,11.2.0.3.0,300.0,50.0,"135333289984,0","4194304000,0",32.0,2000.0,400.0,32
ZDOWGB4N0Z0,HPWEGBV0,Ventes,V11_1,V11_1,V11_1.55eff1.18/05/2018 17:20,Oracle,11.2.0.3.0,50.0,,"101502459904,0","2415919104,0",24.0,2000.0,150.0,42
BLEFGBIJVQZ,RATBGBYK,Ventes,V14_3,V14_3,V14_3.78b7e59.24/02/2020 17:49,Oracle,12.2.0.1.0,300.0,50.0,"66929053696,0","12582912000,0",32.0,2000.0,400.0,16
SHXRGBAS,YMWVGBW6QHZ,Ventes,V10_1,V10_1,V10_1.c4fb88.03/11/2017 17:10,Oracle,11.2.0.3.0,,,"67553386496,0","3154116608,0",32.0,2000.0,250.0,0
DVXDGBGH,IBXAGBMZHI3,Ventes,V7_2,V7_2,V7_2,Oracle,11.2.0.4.0,150.0,,"50699304960,0","10502537216,0",24.0,2000.0,150.0,0
IFVLGBY4,FTEYGB780IQ,Ventes,V12_1,V12_1,V12_1.b6191cdb.04/12/2018 17:23,Oracle,12.2.0.1.0,200.0,,"16816685056,0","5049942016,0",4.0,2000.0,320.0,65
MTKVGBDHPWS,RWHXGBOD,Ventes,V14_1,V14_1,V14_1.1e40c91.12/08/2020 15:59,Oracle,12.2.0.1.0,300.0,50.0,"25272397824,0","4294967296,0",4.0,1000.0,400.0,24
BUUMGBNE,YXBBGBW2G5E,Ventes,V15_3,V15_3,V15_3.d278c5a.24/08/2020 13:38,Oracle,12.2.0.1.0,300.0,50.0,"25272397824,0","4294967296,0",4.0,2000.0,400.0,20
MRLKGBV4VWY,WJSHGB5J,Ventes,V16_3,V16_3,V16_3.82f0489.03/02/2021 18:29,Oracle,12.2.0.1.0,300.0,50.0,"25272397824,0","10133438464,0",4.0,2000.0,480.0,7
VBXFGBAUEC3,XCGWGBPO,Ventes,V12_1,V12_1,V12_1.b6191cdb.04/12/2018 17:23,Oracle,12.2.0.1.0,200.0,,"16816685056,0","5049942016,0",4.0,2000.0,320.0,21
SJOZGB82,ZOXEGB2I,Ventes,V14_1,V14_1,V14_1.2d067b9.15/11/2019 14:04,Oracle,12.2.0.1.0,250.0,50.0,"100482707456,0","7717519360,0",40.0,2000.0,350.0,44
HFUOGBEK0EI,HGOXGBCF,Ventes,V7_1,V7_1,V7_1,Oracle,11.2.0.4.0,150.0,,"50699304960,0","10502537216,0",24.0,2000.0,150.0,0
WAWZGBZ2HGZ,ZDVZGBVX,Ventes,V13_1,V13_1,V13_1.071301.05/04/2019 14:38,Oracle,11.2.0.4.0,150.0,50.0,"67644280832,0","10502537216,0",24.0,2000.0,150.0,18
FOXQGBOLOSM,BCGUGBNN,Ventes,V15_2,V15_2,V15_2.f623ebf.28/07/2020 19:38,Oracle,12.2.0.1.0,300.0,50.0,"33737383936,0","2147483648,0",4.0,2000.0,1200.0,4
BYHXGBM4,VLLZGBX39MP,Ventes,V15_3,V15_3,V15_3.8810f20.28/08/2020 19:15,Oracle,12.2.0.1.0,300.0,50.0,"54876663808,0","12884901888,0",4.0,2000.0,400.0,53
ZWVTGBGYYMV,MVVLGBLK,Ventes,V15_3,V15_3,V15_3.8810f20.28/08/2020 19:15,Oracle,12.2.0.1.0,250.0,50.0,"54876663808,0","12683575296,0",4.0,2000.0,400.0,6
RZTYGB0I,HRINGB9Z,Ventes,V8_2_2,V8_2_2,V8_2_2,Oracle,11.2.0.4.0,150.0,,"67644280832,0","10502537216,0",24.0,2000.0,150.0,12
JTYPGBAERZB,EEVPGBPH,Superviseur,V8_3,V8_3,V8_3,Oracle,11.2.0.4.0,150.0,,"67526275072,0","12582912000,0",40.0,2000.0,400.0,4
BVYTGBC1,WEMYGB65,Ventes,V8_3,V8_3,V8_3,Oracle,11.2.0.4.0,150.0,,"67526275072,0","12582912000,0",40.0,2000.0,400.0,12
PTTUGBN8HUX,NPNGGBL8QGZ,Ventes,V15_2,V15_2,V15_2.7d355cf.15/05/2020 18:51,Oracle,12.2.0.1.0,300.0,50.0,"66938679296,0","12582912000,0",32.0,2000.0,400.0,37
TFSTGB6D,WWRQGBXR,Ventes,V15_1,V15_1,V15_1.3d90cb7.05/06/2020 11:12,Oracle,12.2.0.1.0,300.0,50.0,"33737383936,0","2147483648,0",4.0,2000.0,1200.0,5
HNMLGBNZ8J6,UMMLGBCYP2I,Superviseur,V9_3,V9_3,V9_3.050c4ad.25/08/2017 14:34,Oracle,11.2.0.4.0,150.0,,"50595594240,0","4294967296,0",24.0,300.0,150.0,15
VHWTGBSQV90,ETLCGB5HAFS,Superviseur,V15_2_2,V15_2_2,V15_2_2.119c716.14/09/2020 12:29,Oracle,11.2.0.4.0,300.0,50.0,"33669533696,0","17179869184,0",6.0,2000.0,400.0,71
TOHGGB7ZYH7,SIWAGB3KMUB,Superviseur,V15_2_2,V15_2_2,V15_2_2.119c716.14/09/2020 12:29,Oracle,11.2.0.3.0,300.0,50.0,"12626743296,0","4294967296,0",2.0,2000.0,400.0,16
KBYVGB8CKSL,NIZSGBJJ,Superviseur,V15_2_2,V15_2_2,V15_2_2.119c716.14/09/2020 12:29,Oracle,11.2.0.3.0,300.0,50.0,"12626808832,0","7348420608,0",2.0,2000.0,400.0,59
JRJMGBVQWJ9,OTSKGBYNXHB,Superviseur,V15_2_2,V15_2_2,V15_2_2.119c716.14/09/2020 12:29,Oracle,11.2.0.3.0,300.0,50.0,"12626788352,0","4294967296,0",2.0,2000.0,400.0,36
EDZQGB51,DPOQGBHIKKK,Ventes,V15_2_2,V15_2_2,V15_2_2.119c716.14/09/2020 12:29,Oracle,11.2.0.4.0,300.0,50.0,"33669279744,0","17179869184,0",8.0,2000.0,400.0,67
NVJKGBZDB8K,XVFCGBR3,Ventes,V11_2,V11_2,V11_2.bf9c5a2.06/11/2019 12:44,Oracle,12.2.0.1.0,200.0,50.0,"101378723840,0","21005074432,0",32.0,2000.0,320.0,89
CDRUGB521CJ,LCHNGBHDZPH,Ventes,V7_1,V7_1,V7_1,Oracle,11.2.0.3.0,150.0,,"25324752896,0","2768240640,0",16.0,2000.0,400.0,0
QKJBGBIC,VJTDGBS0NQI,Ventes,V9_2,V9_2,V9_2.bc4f3c.15/06/2017 11:30,Oracle,11.2.0.4.0,150.0,,"67644280832,0","10502537216,0",24.0,2000.0,150.0,27
JIPUGBNA,NSFPGBX2UPJ,Ventes,V12_2hib5,V12_2hib5,V12_2hib5.340b8ed.28/04/2020 18:13,Oracle,12.2.0.1.0,300.0,20.0,"21053812736,0","12582912000,0",4.0,2000.0,400.0,49
UBPPGBD4GOQ,TQYRGB8W,Ventes,V16_2,V16_2,V16_2.3489949.16/11/2020 18:57,Oracle,19.0.0.0.0,300.0,50.0,"33737216000,0","12582912000,0",4.0,2000.0,320.0,9
NSJKGB19,VXGYGBCUWFM,Superviseur,V11_2,V11_2,V11_2.7eb389.20/11/2018 17:54,Oracle,11.2.0.4.0,150.0,,"66683305984,0","6509559808,0",24.0,2000.0,150.0,31
IPHBGB5O,SQELGBWGX3S,Ventes,V11_2,V11_2,V11_2.78f046.02/06/2018 10:42,Oracle,11.2.0.4.0,150.0,,"66683305984,0","6442450944,0",24.0,2000.0,150.0,52
ODHHGBEY4NZ,TTYOGBKC,Ventes,V9_2,V9_2,V9_2.f9b3ea5.31/08/2017 16:00,Oracle,11.2.0.3.0,150.0,,"67359703040,0","6291456000,0",24.0,300.0,150.0,0
HYWZGB4WJC8,FWMKGBJB,Superviseur,V15_1,V15_1,V15_1.70ecc0b.14/08/2020 09:28,Oracle,11.2.0.3.0,300.0,50.0,"67359703040,0","8019509248,0",24.0,2000.0,400.0,64
PNJMGB9OH6W,NNGTGB74J2L,Ventes,V15_1,V15_1,V15_1.279f8ba.11/06/2020 10:11,Oracle,11.2.0.3.0,300.0,50.0,"67359703040,0","20266876928,0",24.0,2000.0,400.0,104
PIUTGB9I,XNQDGBS1K14,Superviseur,V13_1_1,V13_1_1,V13_1_1.bfa5e9.22/03/2019 18:02,Oracle,11.2.0.4.0,150.0,50.0,"16726417408,0","6291456000,0",2.0,2000.0,150.0,17
HJSVGBSH,TYONGBS6,Ventes,V14_2,V14_2,V14_2.2fd9c78.18/12/2019 18:30,Oracle,12.2.0.1.0,300.0,50.0,"33737379840,0","6291456000,0",4.0,2000.0,400.0,33
HBUOGBRHSQA,DYNRGB3JOMQ,Ventes,V13_1,V13_1,V13_1.711cb7e.26/03/2019 17:33,Oracle,11.2.0.3.0,150.0,50.0,"50716119040,0","7079985152,0",24.0,2000.0,150.0,0
QBLTGB85RCO,EOCMGBAM,Ventes,V13_1,V13_1,V13_1.711cb7e.26/03/2019 17:33,Oracle,19.0.0.0.0,200.0,50.0,"67130302464,0","12582912000,0",4.0,2000.0,320.0,5
BJILGBMDL0Z,RNHHGB36UAV,Ventes,V10_2,V10_2,V10_2.d77718.22/01/2018 18:07,Oracle,10.2.0.5.0,100.0,,"29488205824,0","3741319168,0",16.0,2000.0,400.0,23
NMOJGB2VFIK,PJAWGBT8HTU,Superviseur,V13_2,V13_2,V13_2.20b9d471.02/08/2019 17:59,Oracle,11.2.0.4.0,150.0,50.0,"67644280832,0","10502537216,0",24.0,2000.0,350.0,20
ECNPGB0I,EDVUGBA2ALI,Superviseur,V13_2,V13_2,V13_2.20b9d471.02/08/2019 17:59,Oracle,11.2.0.4.0,150.0,50.0,"67644280832,0","10502537216,0",24.0,2000.0,350.0,21
TFPLGB07,CXOIGBWJ,Superviseur,V13_2,V13_2,V13_2.20b9d471.02/08/2019 17:59,Oracle,11.2.0.4.0,150.0,50.0,"67644280832,0","12582912000,0",24.0,2000.0,350.0,15
LUXTGB5H,IZHFGB0Q,Ventes,V13_2,V13_2,V13_2.0210c62.15/11/2019 16:56,Oracle,11.2.0.4.0,300.0,50.0,"67291258880,0","16777216000,0",24.0,2000.0,350.0,96
OOSOGBVVHSX,NZHTGBJJWVC,Superviseur,V13_2,V13_2,V13_2.20b9d471.02/08/2019 17:59,Oracle,11.2.0.4.0,50.0,50.0,"67644280832,0","10502537216,0",24.0,2000.0,350.0,30
VDBRGB498SB,WIXJGBD14UA,Superviseur,V13_2,V13_2,V13_2.20b9d471.02/08/2019 17:59,Oracle,11.2.0.4.0,100.0,50.0,"67644280832,0","10502537216,0",24.0,2000.0,350.0,21
UXVGGB8SNJ4,UBCSGB99BP7,Superviseur,V13_2,V13_2,V13_2.20b9d471.02/08/2019 17:59,Oracle,11.2.0.4.0,100.0,,"67644280832,0","10502537216,0",24.0,,,0
TSRMGB57KD5,SGBVGB2B,Superviseur,V13_2,V13_2,V13_2.20b9d471.02/08/2019 17:59,Oracle,11.2.0.4.0,100.0,,"67644280832,0","10502537216,0",24.0,,,0
HFCLGBUU,AGVKGBWW,Superviseur,V13_2,V13_2,V13_2.20b9d471.02/08/2019 17:59,Oracle,11.2.0.4.0,100.0,50.0,"67644280832,0","10502537216,0",24.0,2000.0,350.0,17
ZVLNGB9V,UPUHGBYH,Ventes,V15_1,V15_1,V15_1.9c3efc0.06/10/2020 12:31,Oracle,12.2.0.1.0,300.0,50.0,"16825958400,0","12582912000,0",4.0,2000.0,400.0,58
BEBYGBMG,RXBYGBET,Ventes,V13_3,V13_3,V13_3.9d298a4.29/04/2020 12:53,Oracle,12.2.0.1.0,150.0,50.0,"33737379840,0","12582912000,0",4.0,2000.0,320.0,29
QQYZGBU3,LFLGGBF78MD,Superviseur,V7_2,V7_2,V7_2,Oracle,11.2.0.4.0,150.0,,"67644280832,0","10502537216,0",24.0,2000.0,400.0,0
PXBJGBON,ZOIEGB8C,Superviseur,V7_2,V7_2,V7_2,Oracle,11.2.0.4.0,150.0,,"67644280832,0","10502537216,0",24.0,2000.0,400.0,0
UUTKGBEZZ69,MMJUGB3WC2A,Ventes,V7_2,V7_2,V7_2,Oracle,11.2.0.3.0,150.0,,"135333289984,0","7516192768,0",32.0,2000.0,150.0,0
ZKSXGBGV,IWFQGBKNAK7,Ventes,V13_2,V13_2,V13_2.90c3680.02/10/2019 16:53,Oracle,11.2.0.3.0,150.0,50.0,"135333289984,0","4731174912,0",32.0,2000.0,1200.0,7
OMZSGBAL,TONTGBCZ,Superviseur,V15_2,V15_2,V15_2.2e9ad31.29/06/2020 19:22,Oracle,11.2.0.4.0,300.0,20.0,"33669902336,0","3221225472,0",4.0,2000.0,400.0,80
BYEWGBCEDAW,FIEPGBS7ACH,Ventes,V15_2,V15_2,V15_2.2e9ad31.29/06/2020 19:22,Oracle,11.2.0.4.0,300.0,20.0,"33669902336,0","3221225472,0",4.0,2000.0,400.0,36
QOURGBLI,SYGAGBUPR11,Ventes,V11_2,V11_2,V11_2.e2b3ce.14/09/2018 17:27,Oracle,10.2.0.5.0,150.0,,"25251147776,0","10485760000,0",16.0,2000.0,150.0,82
KCXGGBFQ8DO,IAXIGBCY,Ventes,V8_3,V8_3,V8_3,Oracle,11.2.0.4.0,150.0,,"67644280832,0","10502537216,0",24.0,2000.0,400.0,27
HXPEGBML,RNHCGBIR,Ventes,V13_1,V13_1,V13_1.c98d9a.10/04/2019 17:38,Oracle,11.2.0.3.0,150.0,50.0,"33611362304,0","10099884032,0",12.0,2000.0,150.0,13
YHWNGBXSH4M,IFALGBS4,Superviseur,V9_3,V9_3,V9_3.a9b4df.29/09/2017 09:49,Oracle,11.2.0.3.0,50.0,,"50415775744,0","10099884032,0",24.0,2000.0,150.0,44
UVYMGBG1YSA,ENDLGB5V,Ventes,V9_3,V9_3,V9_3.a9b4df.29/09/2017 09:49,Oracle,11.2.0.3.0,50.0,,"50415775744,0","10099884032,0",24.0,2000.0,150.0,21
AHARGBY3XXL,RJUVGBB5ODP,Ventes,V14_2,V14_2,V14_2.d596e6f.03/01/2020 14:49,Oracle,19.0.0.0.0,200.0,50.0,"67130232832,0","12582912000,0",4.0,2000.0,320.0,11
OVTYGBI3,WIOJGBC9,Superviseur,V15_3_1,V15_3_1,V15_3_1.6cd0dd4.01/10/2020 18:00,Oracle,11.2.0.4.0,300.0,50.0,"67064578048,0","12582912000,0",40.0,2000.0,400.0,29
BBYGGB0D,HMAKGBSCH89,Superviseur,V15_3_1,V15_3_1,V15_3_1.6cd0dd4.01/10/2020 18:00,Oracle,11.2.0.4.0,300.0,50.0,"67644063744,0","12582912000,0",24.0,2000.0,400.0,33
MASWGB0PT5L,MXFZGBF2,Superviseur,V15_3_1,V15_3_1,V15_3_1.6cd0dd4.01/10/2020 18:00,Oracle,11.2.0.4.0,300.0,50.0,"67064578048,0","10502537216,0",40.0,2000.0,400.0,25
KAWAGBGH,QWAVGBSE,Superviseur,V15_3_1,V15_3_1,V15_3_1.6cd0dd4.01/10/2020 18:00,Oracle,11.2.0.4.0,300.0,50.0,"101042196480,0","34359738368,0",32.0,2000.0,400.0,93
IRFVGBZC,MZSWGBFB78D,Ventes,V15_3_1,V15_3_1,V15_3_1.6cd0dd4.01/10/2020 18:00,Oracle,11.2.0.4.0,300.0,50.0,"101042196480,0","34359738368,0",32.0,2000.0,400.0,129
TXRXGBQR,VOVGGBTS5JK,Ventes,V9_1,V9_1,V9_1,Oracle,11.2.0.3.0,150.0,,"15581671424,0","4294967296,0",2.0,2000.0,150.0,18
KBKEGBTV,JXKYGBVIOMJ,Ventes,V11_3,V11_3,V11_3.0339bd.07/01/2019 16:03,Oracle,11.2.0.4.0,150.0,,"16726519808,0","6291456000,0",1.0,2000.0,150.0,43
FBYIGBRU,ORHIGBD2OF5,Ventes,V9_3,V9_3,V9_3.da76ac.12/11/2018 16:40,Oracle,11.2.0.4.0,150.0,,"50699304960,0","10502537216,0",24.0,2000.0,400.0,5
IMPQGBDZH1G,YPKJGBFA,Ventes,V8_1,V8_1,V8_1,Oracle,11.2.0.4.0,150.0,,"42145681408,0","10737418240,0",6.0,2000.0,400.0,4
DMIMGBH4,IHEHGBQOZNZ,Ventes,V8_1,V8_1,V8_1,Oracle,11.2.0.4.0,150.0,,"42145681408,0","10737418240,0",6.0,2000.0,400.0,48
XWONGBAH,VICXGBFM,Ventes,V12_2hib5,V12_2hib5,V12_2hib5.bc9875c.26/12/2018 15:32,Oracle,12.2.0.1.0,150.0,20.0,"134576513024,0","12582912000,0",32.0,2000.0,2560.0,42
AOHTGB9FRNU,QTOHGBCH,Ventes,V14_3,V14_3,V14_3.d53f537.11/03/2020 18:13,Oracle,11.2.0.4.0,300.0,50.0,"67644280832,0","10502537216,0",24.0,2000.0,400.0,9
ODKBGBUYELP,VQWVGBZO9D1,Ventes,V10_3,V10_3,V10_3.0902da.01/03/2018 10:39,Oracle,11.2.0.4.0,150.0,,"16718626816,0","6291456000,0",4.0,2000.0,150.0,28
HZCVGBTI,CYKPGBSP,Ventes,V11_2,V11_2,V11_2.c917b0.02/08/2019 15:55,Oracle,11.2.0.3.0,150.0,,"50739085312,0","5066719232,0",16.0,2000.0,150.0,45
ZURGGB0A,WAZQGB48,Superviseur,V10_2,V10_2,V10_2.baa86.25/01/2018 15:50,Oracle,11.2.0.3.0,150.0,,"33770471424,0","10133438464,0",24.0,2000.0,400.0,10
QYMSGBJR,DKGLGBS8LNK,Ventes,V13_1,V13_1,V13_1.071301.05/04/2019 14:38,Oracle,11.2.0.3.0,150.0,50.0,"101502459904,0","3154116608,0",24.0,2000.0,150.0,5
LFAXGBWL,NMXKGBAAFLC,Ventes,V14_3,V14_3,V14_3.acd1f09.29/01/2020 15:52,Oracle,12.2.0.1.0,300.0,50.0,"33699991552,0","17179869184,0",4.0,2000.0,400.0,111
CWZTGBTNBSP,IDUXGBN8R5F,Ventes,V14_3,V14_3,V14_3.acd1f09.29/01/2020 15:52,Oracle,12.2.0.1.0,300.0,50.0,"33699999744,0","17179869184,0",4.0,2000.0,400.0,0
TVHXGBSO,KHPBGBPK9AP,Ventes,V15_1,V15_1,V15_1.6b6808c.30/04/2020 18:31,Oracle,11.2.0.4.0,300.0,50.0,"100706418688,0","12582912000,0",16.0,2000.0,400.0,95
FFWDGBWHHBU,AEMNGBHKZQX,Ventes,V13_25,V13_25,V13_25.a246c6.26/07/2019 09:08,Oracle,11.2.0.3.0,150.0,50.0,"21099085824,0","4294967296,0",4.0,2000.0,150.0,56
IFMDGBIRZH4,DOCDGB7G,Ventes,V12_1,V12_1,V12_1.3ed2b12.04/01/2019 17:53,Oracle,11.2.0.4.0,200.0,,"33806729216,0","17179869184,0",6.0,2000.0,150.0,190
LISLGBNB,FDAWGBDY1FV,Ventes,V11_1,V11_1,V11_1.ca3cfc.20/02/2019 14:47,Oracle,11.2.0.3.0,150.0,,"50576850944,0","7079985152,0",24.0,2000.0,150.0,56
KCCNGBJX,IBBNGBTP2PF,Superviseur,V13_2_2,V13_2_2,V13_2_2.61b16f.14/06/2019 10:32,Oracle,11.2.0.3.0,150.0,50.0,"33611165696,0","3154116608,0",8.0,2000.0,150.0,37
FRRGGB57,LQQBGB6RZRC,Ventes,V13_2_2,V13_2_2,V13_2_2.61b16f.14/06/2019 10:32,Oracle,11.2.0.3.0,250.0,50.0,"33612369920,0","4294967296,0",8.0,2000.0,300.0,109
CLOXGBH8,DWIVGBFQ9KA,Superviseur,V16_1_1,V16_1_1,V16_1_1.e4e9f38.26/10/2020 19:04,Oracle,12.2.0.1.0,300.0,50.0,"134563000320,0","21005074432,0",16.0,2000.0,1280.0,98
GMUVGBKUD41,TTVUGBMK,Ventes,V16_1_1,V16_1_1,V16_1_1.e4e9f38.26/10/2020 19:04,Oracle,12.2.0.1.0,300.0,50.0,"134563000320,0","21005074432,0",16.0,2000.0,1280.0,45
CRMJGBIOFDU,TITPGBSAD7S,Ventes,V14_1_6,V14_1_6,V14_1_6.1ae8a98.10/12/2020 14:32,Oracle,11.2.0.3.0,300.0,50.0,"50414411776,0","7868514304,0",24.0,2000.0,400.0,36
YKECGBL6,DLYYGB1VJI5,EDI,V14_2,V14_2,V14_2.2bc4a22.16/12/2019 17:45,Oracle,11.2.0.3.0,300.0,50.0,"135333289984,0","5251268608,0",32.0,2000.0,400.0,1
DZAXGBDVSH5,XRIDGB3G,Ventes,V7_1,V7_1,V7_1,Oracle,11.2.0.3.0,150.0,,"67489755136,0","10099884032,0",32.0,2000.0,150.0,0
QZBRGB4C,DMPQGBPPA8Z,Ventes,V15_3,V15_3,V15_3.2576333.02/11/2020 17:09,Oracle,12.2.0.1.0,300.0,50.0,"33737383936,0","12582912000,0",4.0,2000.0,400.0,107
CLDMGB2B,UIVQGBMTGL1,Copilote Manager,MANAGER_20_12,MANAGER_20_12,MANAGER_20_12.01fa4e1.13/01/2021 11:10,Oracle,11.2.0.4.0,300.0,50.0,"16637603840,0","4999610368,0",4.0,2000.0,400.0,38
VNEIGBA4ADN,VTOHGB2Q,Ventes,V6_2,V6_2,V6_2,Oracle,11.2.0.3.0,150.0,,"33610776576,0","7868514304,0",24.0,2000.0,150.0,0
LOLBGB0PTIY,BXWTGBIP,Ventes,V14_2,V14_2,V14_2.9e8eb23.28/11/2019 18:41,Oracle,12.2.0.1.0,300.0,50.0,"16826023936,0","14696841216,0",4.0,2000.0,400.0,28
XIAMGBUF4I6,SBWOGBG9YZP,Ventes,V12_2hib5,V12_2hib5,V12_2hib5.54f61b4.28/06/2019 17:32,Oracle,12.2.0.1.0,200.0,50.0,"66930200576,0","12582912000,0",32.0,2000.0,2560.0,9
FMDRGBB4,PNJTGBEV,Superviseur,V13_2_3,V13_2_3,V13_2_3.cde11cb.05/08/2019 18:19,Oracle,19.0.0.0.0,400.0,50.0,"134598639616,0","25769803776,0",16.0,2000.0,1280.0,180
BIGRGBMCUE7,QVFBGBZE,Ventes,V13_2,V13_2,V13_2.38c442b.31/01/2020 17:02,Oracle,19.0.0.0.0,400.0,50.0,"134598639616,0","25769803776,0",16.0,2000.0,1280.0,243
AVKNGBC3CAY,XCPFGBJB,Ventes,V13_2,V13_2,V13_2.38c442b.31/01/2020 17:02,Oracle,19.0.0.0.0,400.0,50.0,"134598631424,0","25769803776,0",16.0,2000.0,1280.0,190
SFGMGBHQ,GDAFGBOOMP7,Ventes,V9_2,V9_2,V9_2.70a55d.19/06/2017 17:47,Oracle,12.2.0.1.0,150.0,,"16825954304,0","12582912000,0",4.0,2000.0,320.0,25
DXSQGBTPVST,YALPGBCF15B,Ventes,V14_1,V14_1,V14_1.c36e0b5.19/12/2019 18:52,Oracle,11.2.0.3.0,300.0,50.0,"25324105728,0","7600078848,0",16.0,2000.0,400.0,12
CDCJGB2C,SMEMGB1TU34,Ventes,V12_2hib5,V12_2hib5,V12_2hib5.898f64.21/11/2018 17:32,Oracle,12.2.0.1.0,150.0,20.0,"66930462720,0","12582912000,0",32.0,2000.0,2560.0,12
URSRGB9H,BDCEGBFQ,Ventes,V12_3hib5,V12_3hib5,V12_3hib5.129aad7.13/03/2019 16:32,Oracle,11.2.0.4.0,150.0,20.0,"16717733888,0","6291456000,0",4.0,2000.0,150.0,16
TZFZGB2OLRX,GNDVGBWEV8E,Superviseur,V10_3,V10_3,V10_3.2121c5.22/05/2018 15:22,Oracle,11.2.0.3.0,150.0,,"33776902144,0","3942645760,0",24.0,2000.0,150.0,24
JCLZGBRGYUU,NLACGBH4WI5,Ventes,V12_3hib5,V12_3hib5,V12_3hib5.bcafc1.22/03/2019 18:32,Oracle,19.0.0.0.0,150.0,20.0,"25281568768,0","12582912000,0",4.0,2000.0,320.0,16
RXBSGBWL,SYUXGBHC,Superviseur,V12_3hib5,V12_3hib5,V12_3hib5.bcafc1.22/03/2019 18:32,Oracle,19.0.0.0.0,150.0,20.0,"25281568768,0","12582912000,0",4.0,2000.0,320.0,17
SXUGGBS7AY7,ODVAGBLA6KZ,Ventes,V14_3,V14_3,V14_3.6e0eebd.21/01/2020 14:45,Oracle,12.2.0.1.0,300.0,20.0,"12599508992,0","3221225472,0",4.0,2000.0,800.0,18
OBJLGBNVPNL,FWTDGBYX5OT,Ventes,V10_1,V10_1,V10_1.3d2cd89.22/11/2017 18:17,Oracle,11.2.0.4.0,150.0,,"67644063744,0","12582912000,0",24.0,2000.0,400.0,17
QIGPGBWI85O,UQNOGBL3,Ventes,V12_2,V12_2,V12_2.9f54c1d.06/12/2018 18:01,Oracle,11.2.0.4.0,250.0,,"67554406400,0","7868514304,0",24.0,,,0
WAMVGBUSJIT,SKKGGB3SR77,Ventes,V13_1,V13_1,V13_1.726950.27/03/2019 15:11,Oracle,11.2.0.4.0,250.0,,"67554406400,0","7868514304,0",24.0,,,0
THSOGBCYJQD,SGYDGBYF,Ventes,V8_2,V8_2,V8_2,Oracle,11.2.0.4.0,150.0,,"67644280832,0","10502537216,0",24.0,,,0
BYVHGB86F72,TZECGBHC4P1,Ventes,V14_1,V14_1,V14_1.a53c2e0.20/11/2019 16:01,Oracle,12.2.0.1.0,300.0,50.0,"33738723328,0","3221225472,0",4.0,2000.0,400.0,27
TEKZGB1H2O3,UDNKGBE8,Ventes,V12_1,V12_1,V12_1.4eb421.24/09/2018 12:18,Oracle,11.2.0.4.0,150.0,,"16717680640,0","6291456000,0",4.0,2000.0,150.0,15
NZJIGB9Z,IAZLGB0Q4BA,Ventes,V6_2,V6_2,V6_2,Oracle,11.2.0.3.0,150.0,,"50699567104,0","7868514304,0",24.0,2000.0,400.0,0
CUSHGBJA33R,MWBHGBTN,Ventes,V12_2hib5,V12_2hib5,V12_2hib5.340b8ed.28/04/2020 18:13,Oracle,12.2.0.1.0,300.0,,"21053812736,0","12582912000,0",4.0,,,0
NEWQGB05,YYZJGB4G,Ventes,V16_1,V16_1,V16_1.8f7eeb3.19/10/2020 18:27,Oracle,12.2.0.1.0,300.0,50.0,"67099574272,0","12582912000,0",40.0,2000.0,400.0,12
EYQUGBBQ6LM,YAKRGBPY7C0,Ventes,V11_1,V11_1,V11_1.5f68e9.23/04/2019 16:49,Oracle,11.2.0.3.0,150.0,,"25335238656,0","8388608000,0",4.0,2000.0,150.0,66
YAJTGBQ1QAG,PKBGGB4TQUV,Ventes,V15_1,V15_1,V15_1.19461d6.03/09/2020 11:28,Oracle,12.2.0.1.0,300.0,20.0,"66929319936,0","12582912000,0",32.0,2000.0,400.0,75
KFQMGBNF,VPPGGBDSQ1R,Ventes,V2014_02_02,V2014_02_02,V2014_02_02,Oracle,11.2.0.4.0,,,"25321869312,0","12582912000,0",16.0,,,0
ZPBAGB2YRRT,KEJDGB9K,Ventes,V11_2,V11_2,V11_2.0fd98ff1.06/09/2018 16:35,Oracle,11.2.0.4.0,150.0,,"67064705024,0","12582912000,0",20.0,2000.0,150.0,131
XXFYGB1PB01,KEZRGB5J,Ventes,V2014_02_01,V2014_02_01,V2014_02_01,Oracle,11.2.0.4.0,,,"67416100864,0","12582912000,0",16.0,,,0
JISEGBK8,RVPJGB9Z,Ventes,V8_3,V8_3,V8_3,Oracle,11.2.0.4.0,150.0,,"67644280832,0","12582912000,0",24.0,2000.0,150.0,27
UTNCGBMZQU6,KPZLGBFHFN0,Ventes,V10_1,V10_1,V10_1.3d2cd89.22/11/2017 18:17,Oracle,11.2.0.3.0,150.0,,"25324105728,0","7600078848,0",16.0,2000.0,150.0,0
SOYKGBQMA5Y,WGZNGB80S6G,Ventes,V10_1,V10_1,V10_1.3d2cd89.22/11/2017 18:17,Oracle,11.2.0.3.0,150.0,,"25324105728,0","7600078848,0",16.0,2000.0,150.0,18
GZSBGBMG,VRPPGBFE,Ventes,V15_2,V15_2,V15_2.68d94b5.12/06/2020 17:59,Oracle,12.2.0.1.0,300.0,,"33738788864,0","9663676416,0",4.0,,,0
GZXWGBVAXDC,XPFZGBBERXX,Ventes,V15_2,V15_2,V15_2.68d94b5.12/06/2020 17:59,Oracle,12.2.0.1.0,300.0,,"12599508992,0","4831838208,0",4.0,,,0
HOLOGBOTBHP,OENNGBY65BJ,Superviseur,V9_1,V9_1,V9_1,Oracle,11.2.0.3.0,150.0,,"50540605440,0","16777216000,0",24.0,2000.0,150.0,57
GEPDGBWX,TRNPGB2D81T,Ventes,V9_1,V9_1,V9_1,Oracle,11.2.0.4.0,150.0,,"50128338944,0","7868514304,0",32.0,2000.0,400.0,25
DEXNGBSWVH4,SOJKGB1FH7Q,Ventes,V7_1,V7_1,V7_1,Oracle,11.2.0.4.0,150.0,,"50699304960,0","10502537216,0",24.0,2000.0,400.0,0
FRXOGBE8RVV,VHKLGB5QYEJ,Superviseur,V10_3,V10_3,V10_3.2f075e.26/02/2018 18:21,Oracle,11.2.0.4.0,150.0,,"67061125120,0","12582912000,0",12.0,2000.0,150.0,7
FTJWGB7I,ZQKAGBJ264F,Ventes,V10_3,V10_3,V10_3.2f075e.26/02/2018 18:21,Oracle,11.2.0.4.0,150.0,,"67061125120,0","12582912000,0",12.0,2000.0,150.0,17
ZBLKGB3Z,JHLNGBAFZSM,Ventes,V14_1,V14_1,V14_1.f557f47.25/10/2019 15:59,Oracle,12.2.0.1.0,350.0,50.0,"25281667072,0","12582912000,0",4.0,2000.0,450.0,61
IRSMGBDBPBD,ZBRIGBB5,Ventes,V6_1,V6_1,V6_1,Oracle,11.2.0.3.0,150.0,,"16862781440,0","4294967296,0",4.0,2000.0,150.0,0
NLYDGB5Z,UADZGBYG7FD,Ventes,V6_2,V6_2,V6_2,Oracle,11.2.0.4.0,150.0,,"16863035392,0","4194304000,0",2.0,2000.0,150.0,0
YJVFGBTO,ESLYGBFBHD8,Superviseur,V14_3_BELL,V14_3_BELL,V14_3_BELL.f8c1880.06/08/2020 18:49,Oracle,11.2.0.3.0,300.0,50.0,"25143152640,0","7868514304,0",8.0,2000.0,400.0,23
DNHSGB90,TIGTGBUP,Superviseur,V14_3_1,V14_3_1,V14_3_1.c5806ab.14/02/2020 16:35,Oracle,11.2.0.4.0,400.0,50.0,"135307616256,0","25165824000,0",28.0,2000.0,500.0,340
EWJYGBKD,OUGGGBNH,Ventes,V14_3_1,V14_3_1,V14_3_1.c5806ab.14/02/2020 16:35,Oracle,11.2.0.4.0,300.0,50.0,"135307624448,0","25165824000,0",28.0,2000.0,400.0,104
AQKSGBDUHJD,CGQHGBZK,Ventes,V14_3,V14_3,V14_3.a0817d5.05/06/2020 15:20,Oracle,11.2.0.4.0,300.0,50.0,"67416100864,0","12884901888,0",16.0,2000.0,400.0,33
EXBEGB21,VAKSGBB63DZ,Superviseur,V13_1,V13_1,V13_1.6e95956.20/01/2020 08:23,Oracle,12.2.0.1.0,300.0,50.0,"29508280320,0","8388608000,0",12.0,2000.0,400.0,98
HSBVGB655V5,OVIHGBZ7,Ventes,V13_1_5,V13_1_5,V13_1_5.050eb0.21/05/2019 17:07,Oracle,12.2.0.1.0,200.0,50.0,"33737379840,0","14696841216,0",4.0,2000.0,320.0,31
PKGOGB5QDNM,XUJKGBFFCKJ,Ventes,V13_1,V13_1,V13_1.873b965.10/10/2019 13:39,Oracle,12.2.0.1.0,150.0,20.0,"66930200576,0","12582912000,0",32.0,2000.0,2560.0,11
KPXFGBQJ,WAHJGB3E,Ventes,V12_1,V12_1,V12_1.ada733.17/10/2018 17:27,Oracle,11.2.0.4.0,150.0,,"25198563328,0","6291456000,0",4.0,2000.0,150.0,43
HQATGBGH,TEEWGBUQ,Ventes,V16_1,V16_1,V16_1.dd52402.21/10/2020 18:07,Oracle,12.2.0.1.0,300.0,50.0,"33737383936,0","6291456000,0",4.0,2000.0,400.0,36
DEWLGB59,CBLLGB0BD9Y,Ventes,V12_3hib5,V12_3hib5,V12_3hib5.daf1ac.28/02/2019 11:32,Oracle,12.2.0.1.0,150.0,20.0,"33738723328,0","6291456000,0",4.0,2000.0,320.0,16
IGMTGBKNEVF,JNVAGBSM,Ventes,V14_2,V14_2,V14_2.ffd51fb.23/12/2019 14:11,Oracle,12.2.0.1.0,300.0,50.0,"66924154880,0","12582912000,0",32.0,2000.0,400.0,46
AYRKGBON,NUVFGBVL,Ventes,V11_2,V11_2,V11_2.c7808ef.17/05/2019 16:54,Oracle,12.2.0.1.0,150.0,,"33737383936,0","6291456000,0",4.0,,,0
IQAZGBR9S6B,PHPRGBIX8MR,Ventes,V14_3,V14_3,V14_3.db6bd12.10/02/2020 15:38,Oracle,12.2.0.1.0,300.0,50.0,"16827293696,0","3221225472,0",4.0,2000.0,400.0,54
ITEFGBNXK4T,PPZNGBJ0ZKZ,Ventes,V9_2,V9_2,V9_2.22d33b.17/08/2017 15:49,Oracle,11.2.0.4.0,150.0,,"67644280832,0","10502537216,0",24.0,2000.0,150.0,11
ZFHFGBQZ,RUALGB831XS,Ventes,V13_3,V13_3,V13_3.adc4234.23/08/2019 18:26,Oracle,12.2.0.1.0,150.0,20.0,"66930442240,0","12582912000,0",40.0,2000.0,2560.0,29
RELNGBSUN4N,GBXLGBBZVKP,Ventes,V2014_02_01,V2014_02_01,V2014_02_01,Oracle,10.2.0.4.0,,,"8086618112,0","4194304000,0",4.0,,,0
TZBVGBF2,TTDHGBL7,Ventes,V13_2,V13_2,V13_2.f7eb49.16/08/2019 16:16,Oracle,11.2.0.3.0,150.0,20.0,"50576842752,0","7079985152,0",24.0,2000.0,150.0,11
YPSNGB30,KCREGB8F0DS,Superviseur,V14_3_BELL,V14_3_BELL,V14_3_BELL.f8c1880.06/08/2020 18:49,Oracle,11.2.0.3.0,300.0,50.0,"25138974720,0","6291456000,0",8.0,2000.0,400.0,16
WEFFGB78,QCSCGB84,Ventes,V14_2,V14_2,V14_2.600f863.16/01/2020 16:15,Oracle,12.2.0.1.0,300.0,20.0,"66930118656,0","12582912000,0",16.0,2000.0,400.0,82
EEKHGB0X,GFHOGB9S,Superviseur,V11_2,V11_2,V11_2.070f045.10/05/2019 17:04,Oracle,12.2.0.1.0,200.0,,"33738723328,0","12582912000,0",4.0,2000.0,320.0,9
CIXXGBJX,JOFMGB0FZBR,Ventes,V11_2,V11_2,V11_2.bf6c6b.24/07/2018 17:03,Oracle,12.2.0.1.0,200.0,,"16827293696,0","3221225472,0",4.0,2000.0,320.0,5
ZXCMGB6E1HM,SFDGGBJT8FJ,Ventes,V15_1,V15_1,V15_1.2a11b92.08/04/2020 19:00,Oracle,11.2.0.4.0,300.0,50.0,"67607162880,0","1610612736,0",4.0,2000.0,800.0,12
TKAGGBMECPC,SFDGGBJT8FJ,Ventes,V15_1,V15_1,V15_1.2a11b92.08/04/2020 19:00,Oracle,11.2.0.4.0,300.0,,"67607162880,0","1610612736,0",4.0,2000.0,800.0,0
URLBGB2G,HVCMGBNE,Ventes,V12_1,V12_1,V12_1.dc45e1.30/10/2018 12:15,Oracle,11.2.0.3.0,150.0,,"50699567104,0","7868514304,0",24.0,2000.0,150.0,31
SYTKGBYM,HCPYGBP5JHR,Ventes,V8_3,V8_3,V8_3,Oracle,11.2.0.4.0,150.0,,"67644280832,0","10502537216,0",24.0,2000.0,150.0,22
BWNQGBA9,TPUPGB9PHXH,Ventes,V6_2,V6_2,V6_2,Oracle,11.2.0.3.0,150.0,,"25324105728,0","7600078848,0",16.0,2000.0,150.0,0
FCIRGBEU,GONLGBXU,Ventes,V6_2,V6_2,V6_2,Oracle,11.2.0.4.0,150.0,,"50699366400,0","16777216000,0",24.0,2000.0,150.0,0
RPDMGBR0,YDTEGB5M,Ventes,V6_2,V6_2,V6_2,Oracle,11.2.0.4.0,150.0,,"67665264640,0","12582912000,0",24.0,2000.0,400.0,0
LNHJGBRH,MBRUGBGH,Ventes,V12_2,V12_2,V12_2.037528c.08/11/2018 14:34,Oracle,11.2.0.3.0,200.0,,"135333289984,0","4731174912,0",32.0,2000.0,1200.0,5
BOTZGBQWYGL,LPOFGBU2,Ventes,V9_2,V9_2,V9_2.af88bf.17/08/2017 17:46,Oracle,11.2.0.4.0,150.0,,"67644063744,0","12582912000,0",24.0,2000.0,400.0,9
CCVWGB00,NUTBGB18,Ventes,V9_1,V9_1,V9_1,Oracle,11.2.0.4.0,150.0,,"50119974912,0","7868514304,0",32.0,2000.0,400.0,9
JCOFGBKT6PL,UEYUGB1GRBZ,Ventes,V11_2,V11_2,V11_2.2185e3.30/05/2018 14:58,Oracle,11.2.0.3.0,150.0,,"101502459904,0","3154116608,0",24.0,2000.0,150.0,9
OZRCGB2CNQO,OBVVGBIHWVV,Superviseur,V13_2,V13_2,V13_2.54941c.19/07/2019 17:33,Oracle,11.2.0.3.0,500.0,10.0,"33809055744,0","4194304000,0",8.0,600.0,750.0,16
MHSEGBT5RFP,PIQPGBJX,Superviseur,V11_2CDR,V11_2CDR,V11_2CDR.28f1545.24/08/2018 19:24,Oracle,11.2.0.3.0,500.0,,"67588005888,0","4194304000,0",32.0,600.0,150.0,156
RHCQGB9W,QMWMGBTL,Superviseur,V15_2,V15_2,V15_2.93da78f.15/07/2020 19:00,Oracle,11.2.0.3.0,300.0,10.0,"67585863680,0","4194304000,0",24.0,600.0,750.0,34
CJNSGBCF8AW,FVSDGBPORGS,Superviseur,V14_2,V14_2,V14_2.5395341.20/12/2019 18:39,Oracle,11.2.0.3.0,300.0,50.0,"270925635584,0","8589934592,0",24.0,600.0,750.0,289
HLOBGB4UQPZ,JUIJGBQH,Superviseur,V15_2,V15_2,V15_2.68d94b5.12/06/2020 17:59,Oracle,11.2.0.3.0,500.0,10.0,"67585867776,0","4194304000,0",24.0,600.0,750.0,73
DUCGGBD8,ZWDDGBDM,Superviseur,V15_2,V15_2,V15_2.68d94b5.12/06/2020 17:59,Oracle,11.2.0.3.0,300.0,50.0,"270925635584,0","4194304000,0",24.0,600.0,750.0,262
NXYNGBUQ,NCTHGBDPEID,Superviseur,V15_2L,V15_2L,V15_2L.d211415.21/10/2020 16:48,Oracle,11.2.0.3.0,300.0,10.0,"237035667456,0","4194304000,0",24.0,600.0,750.0,148
BTGZGBGFW9U,NPRIGB3D,Superviseur,V13_1,V13_1,V13_1.17f40c.03/04/2019 18:43,Oracle,11.2.0.3.0,500.0,10.0,"67585875968,0","4194304000,0",24.0,600.0,150.0,131
VIXGGBL0,HWUSGBDLMXN,Superviseur,V13_2,V13_2,V13_2.f7eb49.16/08/2019 16:16,Oracle,11.2.0.3.0,500.0,10.0,"67585863680,0","4194304000,0",32.0,600.0,750.0,57
ITFZGBDMZDM,ZLYIGBK3,Superviseur,V13_2,V13_2,V13_2.54941c.19/07/2019 17:33,Oracle,11.2.0.3.0,500.0,10.0,"33796063232,0","4194304000,0",16.0,600.0,750.0,10
NZLVGBH5,KLVUGBB3NIM,Superviseur,V15_2L,V15_2L,V15_2L.d211415.21/10/2020 16:48,Oracle,11.2.0.3.0,300.0,50.0,"135367933952,0","4194304000,0",24.0,600.0,750.0,132
DNILGB9LF25,WVNSGBI33L8,Superviseur,V15_2L,V15_2L,V15_2L.d211415.21/10/2020 16:48,Oracle,11.2.0.3.0,300.0,10.0,"135365787648,0","4194304000,0",24.0,600.0,750.0,86
HJHNGB0PD4X,HBYSGB88,Superviseur,V15_2L,V15_2L,V15_2L.d211415.21/10/2020 16:48,Oracle,11.2.0.3.0,300.0,10.0,"67585871872,0","4194304000,0",32.0,600.0,750.0,35
KNSOGBAQ,FOGGGBK8,Superviseur,V14_1,V14_1,V14_1.cd0a777.01/11/2019 17:57,Oracle,11.2.0.3.0,500.0,10.0,"135365795840,0","4194304000,0",24.0,600.0,750.0,94
ESNMGB17,EFFHGBG6H7L,Superviseur,V15_2L,V15_2L,V15_2L.d211415.21/10/2020 16:48,Oracle,11.2.0.3.0,300.0,10.0,"50740965376,0","4194304000,0",24.0,600.0,750.0,84
LWLNGB64082,FPBIGBKICW3,Superviseur,V15_2L,V15_2L,V15_2L.d211415.21/10/2020 16:48,Oracle,11.2.0.3.0,300.0,10.0,"135365791744,0","4194304000,0",24.0,600.0,750.0,165
UJPYGBTC,VBZYGB695NU,Superviseur,V15_2,V15_2,V15_2.93da78f.15/07/2020 19:00,Oracle,11.2.0.3.0,300.0,10.0,"135040802816,0","4194304000,0",24.0,600.0,750.0,66
DQGAGBG3,VFCWGBJ8,Superviseur,V13_2,V13_2,V13_2.f7eb49.16/08/2019 16:16,Oracle,11.2.0.3.0,500.0,10.0,"67585863680,0","4194304000,0",32.0,600.0,750.0,34
USNZGBEAPKC,PVXPGBXPVM6,Superviseur,V13_2,V13_2,V13_2.f7eb49.16/08/2019 16:16,Oracle,11.2.0.3.0,500.0,10.0,"33809055744,0","4194304000,0",8.0,600.0,750.0,36
OTOEGBM1,BHUZGBWK,Superviseur,V8_3,V8_3,V8_3,Oracle,11.2.0.3.0,,,"270925635584,0","4194304000,0",24.0,,,0
PTMQGB4SE5E,PWPWGBCS,Superviseur,V15_2L,V15_2L,V15_2L.d211415.21/10/2020 16:48,Oracle,11.2.0.3.0,300.0,10.0,"67686121472,0","4194304000,0",16.0,600.0,750.0,106
WZLLGBR2QYB,LXYKGBY3,Superviseur,V13_2,V13_2,V13_2.f7eb49.16/08/2019 16:16,Oracle,11.2.0.3.0,500.0,10.0,"67585863680,0","4194304000,0",32.0,600.0,750.0,49
NWHUGB63MYD,MZSDGB5J,Superviseur,V15_2L,V15_2L,V15_2L.d211415.21/10/2020 16:48,Oracle,11.2.0.3.0,300.0,10.0,"67686150144,0","4194304000,0",16.0,600.0,750.0,57
AZJIGBFQ,TGFXGB6J,Superviseur,V14_3,V14_3,V14_3.56de975.03/02/2020 18:18,Oracle,11.2.0.3.0,500.0,10.0,"135365787648,0","4194304000,0",24.0,600.0,750.0,13
YXKUGBP79NI,QCMJGB06,Superviseur,V15_2L,V15_2L,V15_2L.d211415.21/10/2020 16:48,Oracle,11.2.0.3.0,300.0,10.0,"42279682048,0","4194304000,0",8.0,600.0,750.0,60
DJOHGBO8NQQ,SWOJGBBNJMO,Superviseur,V15_2L,V15_2L,V15_2L.d211415.21/10/2020 16:48,Oracle,11.2.0.3.0,300.0,10.0,"67685994496,0","4194304000,0",16.0,600.0,750.0,46
QVKVGBB7SSY,VKGWGBQU,Superviseur,V16_1,V16_1,V16_1.59ad146.29/09/2020 11:59,Oracle,11.2.0.3.0,500.0,10.0,"67588005888,0","4194304000,0",32.0,600.0,750.0,40
TDZTGBTX,XXJHGBDDOFV,Superviseur,V15_2L,V15_2L,V15_2L.d211415.21/10/2020 16:48,Oracle,11.2.0.3.0,300.0,10.0,"135365787648,0","4194304000,0",24.0,600.0,750.0,107
PYSXGBVGBQJ,BHAQGB7TRJK,Superviseur,V15_2,V15_2,V15_2.93da78f.15/07/2020 19:00,Oracle,11.2.0.3.0,300.0,10.0,"33760288768,0","4194304000,0",24.0,600.0,750.0,29
XIYJGBXDKCU,FBJOGBXXWTW,Superviseur,V13_2,V13_2,V13_2.f7eb49.16/08/2019 16:16,Oracle,11.2.0.3.0,500.0,10.0,"67686129664,0","4194304000,0",16.0,600.0,750.0,8
QLLTGB99,ABBQGBKQFOD,Superviseur,V15_2L,V15_2L,V15_2L.d211415.21/10/2020 16:48,Oracle,11.2.0.3.0,300.0,10.0,"67686121472,0","4194304000,0",16.0,600.0,750.0,40
HEOEGBDN,ZBDNGBOV085,Superviseur,V14_3,V14_3,V14_3.e46e23c.05/05/2020 17:26,Oracle,11.2.0.3.0,500.0,10.0,"135365791744,0","4194304000,0",40.0,600.0,750.0,103
YDFEGBZPJSK,NLDTGBG9,Superviseur,V14_3,V14_3,V14_3.e46e23c.05/05/2020 17:26,Oracle,11.2.0.3.0,500.0,10.0,"67585863680,0","4194304000,0",24.0,600.0,750.0,30
IRXRGB6JR7S,NAIMGBLK,Superviseur,V13_2,V13_2,V13_2.f7eb49.16/08/2019 16:16,Oracle,11.2.0.3.0,500.0,10.0,"16851177472,0","4194304000,0",16.0,600.0,750.0,11
XLBGGBQ0XVH,ETKUGBSA9BS,Superviseur,V14_3,V14_3,V14_3.e46e23c.05/05/2020 17:26,Oracle,11.2.0.3.0,500.0,10.0,"67585875968,0","4194304000,0",24.0,600.0,750.0,75
TJZRGBHGFRG,LBAPGBRJ,Superviseur,V15_2L,V15_2L,V15_2L.d211415.21/10/2020 16:48,Oracle,11.2.0.3.0,300.0,10.0,"16850944000,0","4194304000,0",16.0,600.0,150.0,11
GINYGB4S,MKYIGBOKLEN,Superviseur,V15_2,V15_2,V15_2.93da78f.15/07/2020 19:00,Oracle,11.2.0.3.0,500.0,10.0,"134600544256,0","4194304000,0",32.0,600.0,750.0,34
RKWNGB0225K,EAJIGB7J,Superviseur,V14_2,V14_2,V14_2.54c2e6f.17/01/2020 17:42,Oracle,11.2.0.3.0,500.0,10.0,"270667751424,0","4194304000,0",24.0,600.0,750.0,100
ZHYYGBG1,NAYOGB09,Superviseur,V14_2,V14_2,V14_2.54c2e6f.17/01/2020 17:42,Oracle,11.2.0.3.0,500.0,10.0,"67686129664,0","4194304000,0",16.0,600.0,750.0,36
DLMGGB4AV2P,EAOLGBKX97C,Superviseur,V12_2,V12_2,V12_2.2ff3ef5.02/10/2019 19:03,Oracle,11.2.0.3.0,500.0,,"33761853440,0","4194304000,0",24.0,600.0,150.0,64
XCZLGBCOL6K,JJELGB4A,Superviseur,V15_2L,V15_2L,V15_2L.d211415.21/10/2020 16:48,Oracle,11.2.0.3.0,300.0,10.0,"33797681152,0","4194304000,0",16.0,600.0,750.0,49
TOIQGB4HUBI,UVRXGBHP,Superviseur,V15_2L,V15_2L,V15_2L.d211415.21/10/2020 16:48,Oracle,11.2.0.3.0,300.0,10.0,"67687505920,0","4194304000,0",16.0,600.0,750.0,53
NKUYGBO62L7,NZEXGBICW0Y,Superviseur,V15_2L,V15_2L,V15_2L.d211415.21/10/2020 16:48,Oracle,11.2.0.3.0,500.0,10.0,"67687505920,0","4194304000,0",16.0,600.0,750.0,82
JZZYGBZE,XOFLGB75PEF,Superviseur,V15_2L,V15_2L,V15_2L.d211415.21/10/2020 16:48,Oracle,11.2.0.3.0,300.0,10.0,"67685941248,0","4194304000,0",16.0,600.0,750.0,67
ZXZBGB03,UUBEGBPC,Superviseur,V10_2,V10_2,V10_2.f66dff.16/01/2018 18:59,Oracle,11.2.0.3.0,500.0,,"67585863680,0","4194304000,0",24.0,600.0,150.0,55
PQCRGBNV,DEVQGB1Q4SF,Superviseur,V15_2L,V15_2L,V15_2L.d211415.21/10/2020 16:48,Oracle,11.2.0.3.0,300.0,10.0,"135468150784,0","4194304000,0",24.0,600.0,750.0,123
MZQCGB3G,LIYDGB7EEH0,Superviseur,V6_2,V6_2,V6_2,Oracle,11.2.0.3.0,500.0,,"67588014080,0","4194304000,0",24.0,600.0,150.0,0
CJONGBL3G20,SASOGBM0NVD,Superviseur,V15_2,V15_2,V15_2.93da78f.15/07/2020 19:00,Oracle,11.2.0.3.0,300.0,10.0,"67585871872,0","4194304000,0",32.0,600.0,750.0,79
GXGUGBEK,AXUYGBX7,Superviseur,V15_2,V15_2,V15_2.93da78f.15/07/2020 19:00,Oracle,11.2.0.3.0,300.0,10.0,"33809158144,0","4194304000,0",8.0,600.0,750.0,14
QUWJGBR1M60,QHMAGBC8,Superviseur,V13_2,V13_2,V13_2.f7eb49.16/08/2019 16:16,Oracle,11.2.0.3.0,500.0,10.0,"67686129664,0","4194304000,0",16.0,600.0,750.0,33
UTMTGBQ5,VJOMGB37HTX,Superviseur,V14_3,V14_3,V14_3.e46e23c.05/05/2020 17:26,Oracle,11.2.0.3.0,500.0,10.0,"67588005888,0","4194304000,0",24.0,600.0,750.0,105
ETJUGBPX,NSSTGBIC,Superviseur,V14_3,V14_3,V14_3.e46e23c.05/05/2020 17:26,Oracle,11.2.0.3.0,500.0,10.0,"67588005888,0","4194304000,0",24.0,600.0,750.0,45
ARVYGBJ3Q1H,BKJOGBCUE20,Superviseur,V15_2L,V15_2L,V15_2L.d211415.21/10/2020 16:48,Oracle,11.2.0.3.0,300.0,10.0,"67588005888,0","4194304000,0",24.0,600.0,750.0,51
FOEOGBHPF1C,HHRXGBIK,Superviseur,V14_3,V14_3,V14_3.e46e23c.05/05/2020 17:26,Oracle,11.2.0.3.0,500.0,10.0,"67588005888,0","4194304000,0",24.0,600.0,750.0,31
OZBZGBXI,QETHGBYFOL3,Superviseur,V15_3,V15_3,V15_3.d71eec5.17/09/2020 19:20,Oracle,11.2.0.3.0,300.0,10.0,"67585863680,0","4194304000,0",24.0,600.0,200.0,51
KBXMGBQXUK5,VASOGBZ8T19,Superviseur,V13_2,V13_2,V13_2.f7eb49.16/08/2019 16:16,Oracle,11.2.0.3.0,500.0,10.0,"67686125568,0","4194304000,0",16.0,600.0,750.0,0
RNHAGB2V0F5,TCGTGBPHPDB,Superviseur,V14_3,V14_3,V14_3.e46e23c.05/05/2020 17:26,Oracle,11.2.0.3.0,500.0,10.0,"16851177472,0","4194304000,0",16.0,600.0,750.0,13
IFCAGBO5O1N,LCTRGB1W,Superviseur,V15_2,V15_2,V15_2.93da78f.15/07/2020 19:00,Oracle,11.2.0.3.0,300.0,10.0,"135365787648,0","4194304000,0",24.0,600.0,750.0,43
TBFRGB7RS24,IZXNGBNI1MU,Superviseur,V15_2,V15_2,V15_2.93da78f.15/07/2020 19:00,Oracle,11.2.0.3.0,300.0,10.0,"135365787648,0","4194304000,0",24.0,600.0,750.0,19
IQRWGB6N0KO,ZXRXGBKT,Superviseur,V15_2L,V15_2L,V15_2L.d211415.21/10/2020 16:48,Oracle,11.2.0.3.0,300.0,10.0,"135040802816,0","4194304000,0",24.0,600.0,750.0,77
RSIGGBIJPXV,SFNBGBB61OL,Compta,V15_2,V15_2,V15_2.2a12a08.18/06/2020 18:24,Oracle,11.2.0.3.0,500.0,10.0,"203091169280,0","8388608000,0",24.0,600.0,150.0,120
OJYKGBSPWLZ,CUWQGBXM6T0,Compta,V15_3,V15_3,V15_3.573a084.29/09/2020 18:52,Oracle,11.2.0.3.0,500.0,10.0,"203091169280,0","42010148864,0",24.0,600.0,1000.0,221
ZFTXGBG6,UOFUGB47,Compta,V15_3,V15_3,V15_3.573a084.29/09/2020 18:52,Oracle,11.2.0.3.0,500.0,10.0,"203091169280,0","42010148864,0",24.0,600.0,1000.0,71
EIEWGB567ZP,ELTDGBPGN70,Compta,V15_3,V15_3,V15_3.573a084.29/09/2020 18:52,Oracle,11.2.0.3.0,500.0,10.0,"203091169280,0","12582912000,0",24.0,600.0,1000.0,17
SDOOGBC0,HIWCGB40N7C,Superviseur,V13_2,V13_2,V13_2.f7eb49.16/08/2019 16:16,Oracle,11.2.0.3.0,500.0,10.0,"67652358144,0","4194304000,0",24.0,600.0,750.0,78
NOKKGBE8,UYWGGBAS,Ventes,V15_2,V15_2,V15_2.a2126cd.10/08/2020 19:15,Oracle,11.2.0.3.0,500.0,10.0,"203091169280,0","8388608000,0",24.0,600.0,150.0,38
FSEMGB33,LABPGBJQ5XM,Ventes,V15_2,V15_2,V15_2.a2126cd.10/08/2020 19:15,Oracle,11.2.0.3.0,500.0,10.0,"203091169280,0","4194304000,0",24.0,600.0,1000.0,7
MZLGGBKF3NJ,XAXHGB9V,Ventes,V11_2CDR,V11_2CDR,V11_2CDR.79f8f2.17/08/2018 18:29,Oracle,11.2.0.3.0,150.0,,"135315464192,0","8388608000,0",24.0,,,0
BYZQGBVK,YQGZGBB9Y2M,Ventes,V11_2CDR,V11_2CDR,V11_2CDR.79f8f2.17/08/2018 18:29,Oracle,11.2.0.3.0,150.0,,"135315464192,0","8388608000,0",24.0,,,0
QSZLGB7D,UIGQGBP2UH1,Ventes,V15_2,V15_2,V15_2.a2126cd.10/08/2020 19:15,Oracle,11.2.0.3.0,500.0,10.0,"202975113216,0","67108864000,0",24.0,600.0,1000.0,355
QBEQGBJ5,DYBRGBCD,Ventes,V15_3,V15_3,V15_3.c8c9c68.28/09/2020 18:21,Oracle,11.2.0.3.0,500.0,10.0,"203091169280,0","33554432000,0",24.0,600.0,1000.0,110
WTAIGB936MA,FUSCGBIH,Ventes,V12_2,V12_2,V12_2.97a255.08/02/2019 18:18,Oracle,11.2.0.3.0,150.0,,"203091169280,0","8388608000,0",24.0,600.0,1000.0,24
WQLJGBEE,FCCAGBO6VYN,Ventes,V15_2,V15_2,V15_2.a2126cd.10/08/2020 19:15,Oracle,11.2.0.3.0,500.0,10.0,"203091169280,0","16777216000,0",24.0,600.0,1000.0,65
OZASGBNI,LJQGGBUK9GV,Ventes,V13_2,V13_2,V13_2.e108654.06/12/2019 18:15,Oracle,11.2.0.3.0,500.0,10.0,"203065589760,0","33554432000,0",24.0,600.0,1000.0,141
DHNAGBY40GY,QAHZGBF8,Ventes,V13_2,V13_2,V13_2.e108654.06/12/2019 18:15,Oracle,11.2.0.3.0,500.0,10.0,"203065589760,0","8388608000,0",24.0,600.0,1000.0,52
ZAJSGBW8,RCVYGBI1HI3,Ventes,V15_2,V15_2,V15_2.a2126cd.10/08/2020 19:15,Oracle,11.2.0.3.0,500.0,10.0,"203091169280,0","16777216000,0",24.0,600.0,1000.0,40
STMWGBNN9Y0,CETZGBQE,Ventes,V15_2,V15_2,V15_2.a2126cd.10/08/2020 19:15,Oracle,11.2.0.3.0,500.0,10.0,"202975113216,0","33554432000,0",24.0,600.0,1000.0,289
GFMYGBUV,FVCWGBB1LR6,Ventes,V15_2,V15_2,V15_2.a2126cd.10/08/2020 19:15,Oracle,11.2.0.3.0,500.0,10.0,"203091169280,0","33554432000,0",24.0,600.0,1000.0,86
IYIQGBED2DR,ISPIGBWJUKI,Ventes,V15_2,V15_2,V15_2.d02e99d.10/12/2020 18:35,Oracle,11.2.0.3.0,500.0,10.0,"203065589760,0","16777216000,0",24.0,600.0,1000.0,66
BOGRGBAZTEH,UHIVGBCONOE,Ventes,V13_2,V13_2,V13_2.e108654.06/12/2019 18:15,Oracle,11.2.0.3.0,500.0,10.0,"203065589760,0","8388608000,0",24.0,600.0,1000.0,44
GPDPGBUJ0JT,CBJRGBYS3H3,Ventes,V15_2,V15_2,V15_2.a2126cd.10/08/2020 19:15,Oracle,11.2.0.3.0,500.0,10.0,"203091169280,0","33554432000,0",24.0,600.0,1000.0,120
BGCJGBVF7VT,UMMSGBSI47I,Ventes,V13_2,V13_2,V13_2.e108654.06/12/2019 18:15,Oracle,11.2.0.3.0,500.0,10.0,"203065589760,0","16777216000,0",24.0,600.0,1000.0,67
COXTGBR2TAH,ZKGLGBR1,Ventes,V15_2L2,V15_2L2,V15_2L2.3db79c5.30/11/2020 17:48,Oracle,11.2.0.3.0,500.0,10.0,"203091169280,0","33554432000,0",24.0,600.0,1000.0,138
YKCCGBNIRPP,OTFDGBN6VUG,Ventes,V15_2L2,V15_2L2,V15_2L2.3db79c5.30/11/2020 17:48,Oracle,11.2.0.3.0,500.0,10.0,"203091169280,0","8388608000,0",24.0,600.0,1000.0,31
QFTRGB3I,PSIGGBWO,Ventes,V15_2L2,V15_2L2,V15_2L2.3db79c5.30/11/2020 17:48,Oracle,11.2.0.3.0,500.0,10.0,"203091169280,0","16777216000,0",24.0,600.0,1000.0,31
BLMHGBVF,VYDPGBXQPYE,Ventes,V15_2,V15_2,V15_2.a2126cd.10/08/2020 19:15,Oracle,11.2.0.3.0,500.0,10.0,"203091169280,0","4194304000,0",24.0,600.0,1000.0,11
UYSTGB2A,HBHLGBXD,Ventes,V15_2L2,V15_2L2,V15_2L2.3db79c5.30/11/2020 17:48,Oracle,11.2.0.3.0,500.0,10.0,"203091173376,0","33554432000,0",24.0,600.0,1000.0,144
QPGLGB40,ERGAGBO1,Ventes,V15_2,V15_2,V15_2.d02e99d.10/12/2020 18:35,Oracle,11.2.0.3.0,500.0,10.0,"203065589760,0","8388608000,0",24.0,600.0,1000.0,23
HTSBGBUN,MFRGGBYOYD6,Ventes,V13_2,V13_2,V13_2.e108654.06/12/2019 18:15,Oracle,11.2.0.3.0,500.0,10.0,"203065589760,0","8388608000,0",24.0,600.0,1000.0,44
FGYEGB2Y8QU,EFWQGBVPPBM,Ventes,V15_2L2,V15_2L2,V15_2L2.3db79c5.30/11/2020 17:48,Oracle,11.2.0.3.0,500.0,10.0,"203091173376,0","16777216000,0",24.0,600.0,1000.0,148
YCGIGB6H,XEEIGBQXYPP,Ventes,V16_1,V16_1,V16_1.b369679.23/09/2020 18:41,Oracle,11.2.0.3.0,500.0,10.0,"270841286656,0","33554432000,0",32.0,600.0,1000.0,4
WXUQGB0U1TU,XEGUGB3S3KZ,Ventes,V15_2,V15_2,V15_2.a2126cd.10/08/2020 19:15,Oracle,11.2.0.3.0,500.0,10.0,"203091169280,0","4294967296,0",24.0,600.0,1000.0,24
NESQGB5ZEUU,ZTMSGBJ2SNS,Ventes,V15_2,V15_2,V15_2.a2126cd.10/08/2020 19:15,Oracle,11.2.0.3.0,500.0,10.0,"203091169280,0","33554432000,0",24.0,600.0,1000.0,5
QEMWGBGRB4Y,LWSEGBDN0TW,Ventes,V15_2,V15_2,V15_2.d02e99d.10/12/2020 18:35,Oracle,11.2.0.3.0,500.0,10.0,"203091169280,0","33554432000,0",24.0,600.0,1000.0,386
ZFWOGBXY9LO,IQYOGBW1,Ventes,V13_2,V13_2,V13_2.e108654.06/12/2019 18:15,Oracle,11.2.0.3.0,500.0,10.0,"203091169280,0","33554432000,0",24.0,600.0,1000.0,37
IFFUGBPXLXC,BRAKGBCR5BJ,Ventes,V13_2,V13_2,V13_2.e108654.06/12/2019 18:15,Oracle,11.2.0.3.0,500.0,10.0,"203091169280,0","33554432000,0",24.0,600.0,1000.0,35
QSMFGBQFJT5,VRPPGBFE,Ventes,V15_2,V15_2,V15_2.68d94b5.12/06/2020 17:59,Oracle,12.2.0.1.0,300.0,50.0,"33738788864,0","9663676416,0",4.0,2000.0,400.0,57
JEXHGBLQOLI,XPFZGBBERXX,Ventes,V15_2,V15_2,V15_2.726bb56.21/09/2020 17:51,Oracle,12.2.0.1.0,300.0,50.0,"12599508992,0","4831838208,0",4.0,2000.0,400.0,56
QLWPGBL6,CBDQGBHQ,Superviseur,V15_2_4_PX9,V15_2_4_PX9,V15_2_4_PX9.777a1dd.15/01/2021 12:04,Oracle,12.2.0.1.0,300.0,50.0,"33738788864,0","8388608000,0",4.0,2000.0,400.0,208
NCDFGBQ565S,AMLIGBYJOIQ,Ventes,V15_2_PX9,V15_2_PX9,V15_2_PX9.726bb56.21/09/2020 17:51,Oracle,12.2.0.1.0,300.0,50.0,"33738788864,0","9663676416,0",4.0,2000.0,400.0,192
PFLGGBA3MNY,ENJHGBVE,Ventes,V13_1,V13_1,V13_1.29b353.25/03/2019 17:12,Oracle,11.2.0.4.0,150.0,50.0,"50699304960,0","10502537216,0",24.0,2000.0,150.0,20
BVGVGB05CY1,ZTCAGBN4JK4,Ventes,V8_2,V8_2,V8_2,Oracle,11.2.0.4.0,150.0,,"33754316800,0","3187671040,0",8.0,2000.0,400.0,7
HEXDGBG2,RJIOGBXQ,Portail,V12_1,V12_1,V12_1.577e5e.05/11/2018 15:34,Oracle,11.2.0.4.0,200.0,,"50699304960,0","10502537216,0",24.0,2000.0,150.0,37
XFDLGBFX,IIXVGBU8MR0,Ventes,V10_1,V10_1,V10_1.5a33c5.20/11/2017 11:46,Oracle,11.2.0.4.0,150.0,,"50699304960,0","10502537216,0",24.0,2000.0,150.0,39
EAPKGBG58OG,CTMZGBEHLJV,Ventes,V9_2,V9_2,V9_2.59666a.06/07/2017 17:47,Oracle,11.2.0.4.0,150.0,,"67526283264,0","12582912000,0",40.0,2000.0,400.0,16
EBWRGB6VRUC,OCJMGBGJU6F,Superviseur,V13_1,V13_1,V13_1.94f99eb.01/09/2020 15:10,Oracle,11.2.0.4.0,300.0,50.0,"31552839680,0","6291456000,0",4.0,2000.0,800.0,64
HLCLGB9O,CYMNGBODGAO,Ventes,V13_1_4,V13_1_4,V13_1_4.49cb6a71.29/04/2019 20:00,Oracle,11.2.0.4.0,300.0,50.0,"31552839680,0","6291456000,0",4.0,2000.0,800.0,20
FAVUGBM2,VYDYGB36,Ventes,V11_2,V11_2,V11_2.9723bb.31/07/2019 08:28,Oracle,11.2.0.3.0,150.0,,"50414424064,0","7868514304,0",24.0,2000.0,150.0,35
CPNFGBUB239,UQADGB71,Ventes,V13_2,V13_2,V13_2.5c828d47.24/06/2019 18:38,Oracle,11.2.0.3.0,300.0,50.0,"16862715904,0","6442450944,0",4.0,2000.0,400.0,6
HANJGB59,YVZKGBQK,Ventes,V16_2,V16_2,V16_2.56c2acf.18/12/2020 20:21,Oracle,12.2.0.1.0,300.0,20.0,"66929377280,0","12582912000,0",40.0,2000.0,400.0,0
VAFCGBI3,AZJOGBE3,Ventes,V13_2,V13_2,V13_2.595a0e2.21/05/2019 10:11,Oracle,12.2.0.1.0,200.0,50.0,"33737383936,0","10133438464,0",4.0,2000.0,320.0,2
KPCUGBCA,FQGXGBC6,Ventes,V14_2,V14_2,V14_2.d8ac333.10/12/2019 18:34,Oracle,12.2.0.1.0,300.0,50.0,"66930315264,0","12582912000,0",32.0,2000.0,2560.0,11
BQWCGBTH,JMBCGBM7,Ventes,V9_2,V9_2,V9_2.4d4b59.03/07/2018 12:05,Oracle,11.2.0.4.0,150.0,,"16726519808,0","6291456000,0",1.0,2000.0,150.0,34
LUNWGBSXP3T,KGNIGBBG4BJ,Superviseur,V15_3,V15_3,V15_3.30e2f93.19/08/2020 11:58,Oracle,12.2.0.1.0,300.0,50.0,"33736126464,0","8388608000,0",12.0,2000.0,800.0,24
DCTBGBH1SYM,QPGTGB0UEW8,Ventes,V14_1_1,V14_1_1,V14_1_1.eea2ecc.07/10/2019 14:37,Oracle,11.2.0.4.0,300.0,50.0,"67387527168,0","16777216000,0",16.0,2000.0,350.0,86
UFFIGBNQ3P2,EXYIGBGACM0,Ventes,V15_3,V15_3,V15_3.6349843.25/09/2020 15:12,Oracle,12.2.0.1.0,300.0,50.0,"33736126464,0","8388608000,0",12.0,2000.0,800.0,84
VXTZGBTZ,EZHQGB2H,Ventes,V14_3,V14_3,V14_3.9cf995d.27/03/2020 17:47,Oracle,11.2.0.4.0,300.0,50.0,"67064950784,0","12582912000,0",32.0,2000.0,400.0,21
AIGEGBTS,MTHBGBQJ,Ventes,V10_1,V10_1,V10_1.2b6ccf.28/11/2017 15:46,Oracle,11.2.0.3.0,150.0,,"50716147712,0","7079985152,0",24.0,2000.0,150.0,0
ICPEGBL1,NXZLGBMU875,Ventes,V10_3,V10_3,V10_3.f27482.16/02/2018 18:33,Oracle,11.2.0.4.0,150.0,,"67645661184,0","16777216000,0",12.0,2000.0,150.0,20
NKLWGB09,QKXIGBT6,Ventes,V6_1,V6_1,V6_1,Oracle,10.2.0.4.0,150.0,,"63328120832,0","12582912000,0",8.0,,,0
TLDOGB12,KIMSGBD2MRD,Ventes,V6_1,V6_1,V6_1,Oracle,12.2.0.1.0,150.0,,"33737383936,0","6291456000,0",4.0,1000.0,320.0,0
RKWOGBLAB98,CPVXGBAG,Ventes,V6_1,V6_1,V6_1,Oracle,12.2.0.1.0,150.0,,"33737379840,0","12582912000,0",4.0,,,0
BVDQGBDJBMZ,UOEDGBSN07H,Ventes,V15_3_2,V15_3_2,V15_3_2.afc487c.02/10/2020 19:23,Oracle,12.2.0.1.0,300.0,50.0,"33737379840,0","12582912000,0",4.0,2000.0,400.0,58
RIXWGBUV,QYAJGBM5,Ventes,V10_1,V10_1,V10_1.96ff5c.02/10/2017 17:04,Oracle,11.2.0.4.0,150.0,,"67644063744,0","12582912000,0",24.0,2000.0,400.0,6
SAZOGB5I,XLGJGBAO,Ventes,V8_1,V8_1,V8_1,Oracle,11.2.0.4.0,150.0,,"67644280832,0","10502537216,0",24.0,2000.0,150.0,12
VHEMGB7Q,NBGVGBL4G7U,Ventes,V15_2_2,V15_2_2,V15_2_2.119c716.14/09/2020 12:29,Oracle,11.2.0.3.0,300.0,50.0,"101502459904,0","7683964928,0",24.0,300.0,400.0,50
LQLLGB8IVHQ,MLGYGBLA2QO,Ventes,V15_2_2,V15_2_2,V15_2_2.119c716.14/09/2020 12:29,Oracle,11.2.0.3.0,300.0,,"101502459904,0","7683964928,0",24.0,300.0,400.0,0
WOALGBOZ,BXGPGB32,Ventes,V8_3,V8_3,V8_3,Oracle,11.2.0.4.0,150.0,,"50699304960,0","10502537216,0",24.0,2000.0,150.0,6
VBQZGBL4,PCEKGBWC,Ventes,V12_1,V12_1,V12_1.baaade.10/12/2018 11:42,Oracle,11.2.0.4.0,150.0,,"25198567424,0","6291456000,0",4.0,2000.0,150.0,12
JHPQGB7P,SGPTGBSL,Ventes,V8_1,V8_1,V8_1,Oracle,11.2.0.4.0,150.0,,"66957238272,0","10032775168,0",24.0,2000.0,400.0,52
JPVVGB39,VTNJGBWALNV,Ventes,V15_1,V15_1,V15_1.384b2a0.26/03/2020 17:34,Oracle,11.2.0.3.0,300.0,50.0,"135333289984,0","4831838208,0",32.0,2000.0,350.0,37
EFPOGBN0S5T,RXCBGBXAGUV,Superviseur,V14_3_3,V14_3_3,V14_3_3.8a9c740.20/02/2020 17:42,Oracle,11.2.0.4.0,300.0,50.0,"67416100864,0","12884901888,0",16.0,2000.0,400.0,83
FVZUGBQI,IJXUGBV9EAY,Ventes,V15_2,V15_2,V15_2.eab9176.07/08/2020 18:48,Oracle,11.2.0.4.0,300.0,50.0,"67291262976,0","12582912000,0",24.0,2000.0,400.0,74
XAQXGB6JQOD,TTUKGBWYK3Z,Ventes,V2013_09_03,V2013_09_03,V2013_09_03,Oracle,11.2.0.3.0,,,"16698302464,0","5016387584,0",4.0,,,0
ITQYGBW7,QQQXGBQ2IFG,Ventes,V13_2,V13_2,V13_2.5fc99c.12/07/2019 17:05,Oracle,11.2.0.4.0,150.0,20.0,"12490973184,0","6291456000,0",4.0,2000.0,300.0,16
KTHJGB81,PFYEGBSMP80,Superviseur,V10_2_1,V10_2_1,V10_2_1.61e77b.03/05/2018 12:18,Oracle,11.2.0.4.0,150.0,,"33531949056,0","7868514304,0",24.0,2000.0,150.0,26
NUSPGB0BCRO,IDSYGB8ERV4,Superviseur,V10_2_1,V10_2_1,V10_2_1.61e77b.03/05/2018 12:18,Oracle,11.2.0.4.0,150.0,,"33533521920,0","7868514304,0",24.0,,,0
MFEJGBCRYSO,HXFVGBMY16O,Ventes,V14_1,V14_1,V14_1.8286bfa.06/11/2019 16:21,Oracle,11.2.0.3.0,300.0,50.0,"21099008000,0","6442450944,0",4.0,2000.0,400.0,48
ZOPJGBLB,UWDAGB2U,Superviseur,V10_2,V10_2,V10_2.baa86.25/01/2018 15:50,Oracle,11.2.0.4.0,150.0,,"33664462848,0","6291456000,0",24.0,2000.0,400.0,13
JEBGGBN5,RXJHGBP5,Ventes,V14_2,V14_2,V14_2.d596e6f.03/01/2020 14:49,Oracle,19.0.0.0.0,200.0,50.0,"67130302464,0","12582912000,0",4.0,2000.0,320.0,0
RAIEGB4E,RLOSGBDIMNC,Ventes,V7_1,V7_1,V7_1,Oracle,10.2.0.5.0,200.0,,"16374562816,0","4882169856,0",8.0,1000.0,150.0,0
KZGHGB20,YLOUGBXS,Superviseur,V10_2_1,V10_2_1,V10_2_1.61e77b.03/05/2018 12:18,Oracle,11.2.0.4.0,150.0,,"33529978880,0","7868514304,0",40.0,2000.0,150.0,33
UEYCGB9B,DDGZGB8Y,Ventes,V8_1,V8_1,V8_1,Oracle,12.2.0.1.0,200.0,,"33737383936,0","10737418240,0",4.0,2000.0,320.0,13
XENBGBF4,TYLEGBN7,Ventes,V16_1,V16_1,V16_1.0968a11.13/11/2020 19:53,Oracle,12.2.0.1.0,300.0,50.0,"50505785344,0","7868514304,0",8.0,2000.0,400.0,17
CUZNGBS4,ULXCGB31FIY,Orga,V16_3_1,V16_3_1,V16_3_1.b8dce8b.13/01/2021 09:27,Oracle,11.2.0.4.0,300.0,50.0,"29320073216,0","12884901888,0",4.0,2000.0,400.0,203
ROAJGB1HAA9,BWDYGBOF048,Orga,V15_1_1,V15_1_1,V15_1_1.e9eccb4.11/03/2020 09:39,Oracle,11.2.0.4.0,250.0,,"135308738560,0","17179869184,0",20.0,,,0
PMRGGBAK,DYJDGBU106Z,Ventes,V10_2,V10_2,V10_2.6eca80.22/02/2018 18:28,Oracle,11.2.0.3.0,150.0,,"50699366400,0","12582912000,0",24.0,2000.0,150.0,16
EKIQGBOT,CLFCGBN9MAH,Superviseur,V14_1,V14_1,V14_1.748e5f3.06/05/2020 18:47,Oracle,11.2.0.4.0,300.0,50.0,"16726515712,0","7868514304,0",1.0,2000.0,350.0,25
FYNAGBR7Q6L,CMMVGBD6,Superviseur,V14_1,V14_1,V14_1.748e5f3.06/05/2020 18:47,Oracle,11.2.0.4.0,300.0,,"16726515712,0","7868514304,0",1.0,,,0
JIAQGBBN4SG,GHWNGBOWD1V,Ventes,V14_1,V14_1,V14_1.5ec11e5.25/06/2020 17:00,Oracle,11.2.0.4.0,300.0,50.0,"25198563328,0","7600078848,0",4.0,2000.0,350.0,67
EXOXGB4FJLG,GHWNGBOWD1V,Ventes,V14_1_4,V14_1_4,V14_1_4.684ba70.08/11/2019 14:28,Oracle,11.2.0.4.0,300.0,,"25198563328,0","7600078848,0",4.0,,,0
QNPQGBA61D3,NOSEGBBM,Ventes,V14_2_1,V14_2_1,V14_2_1.037b6fc.28/11/2019 16:44,Oracle,11.2.0.3.0,300.0,,"101502459904,0","3221225472,0",24.0,2000.0,400.0,0
VZPSGBU02CL,OUERGBZTUIB,Superviseur,V14_2_1,V14_2_1,V14_2_1.037b6fc.28/11/2019 16:44,Oracle,11.2.0.4.0,300.0,50.0,"50609500160,0","3221225472,0",24.0,2000.0,400.0,113
JJFBGBSX,NOSEGBBM,Ventes,V14_2_1,V14_2_1,V14_2_1.037b6fc.28/11/2019 16:44,Oracle,11.2.0.3.0,300.0,50.0,"101502459904,0","3221225472,0",24.0,2000.0,400.0,47
JALBGBZW,CQWVGBTNXGP,Ventes,V10_1,V10_1,V10_1.afec60.23/01/2018 16:44,Oracle,19.0.0.0.0,300.0,,"134575284224,0","4731174912,0",40.0,2000.0,3200.0,57
TGLEGBXG,GEBSGBBY,Ventes,V12_2hib5,V12_2hib5,V12_2hib5.3f9358.26/12/2018 18:32,Oracle,11.2.0.3.0,150.0,20.0,"50699366400,0","7868514304,0",24.0,2000.0,150.0,11
UMXPGBDR,DERWGB3J,Ventes,V7_1,V7_1,V7_1,Oracle,11.2.0.4.0,150.0,,"50699304960,0","10502537216,0",24.0,2000.0,400.0,0
WJGGGBMA,QFWKGBLK,Ventes,V14_3,V14_3,V14_3.16b33bd.06/03/2020 19:01,Oracle,11.2.0.3.0,300.0,50.0,"67665096704,0","16777216000,0",24.0,2000.0,400.0,77
LJLMGBU598Z,QIKUGBHX1WZ,Ventes,V13_1,V13_1,V13_1.d299c8.11/04/2019 14:58,Oracle,11.2.0.3.0,150.0,50.0,"101502459904,0","1677721600,0",24.0,2000.0,150.0,8
ZZCZGBH0VL9,HQHBGBG91YA,Superviseur,V10_2,V10_2,V10_2.baa86.25/01/2018 15:50,Oracle,11.2.0.3.0,150.0,,"33775796224,0","7868514304,0",32.0,2000.0,150.0,11
JADSGBXUGRS,ZJDRGB6I,Ventes,V15_1,V15_1,V15_1.1223ad1.17/09/2020 15:28,Oracle,11.2.0.3.0,300.0,50.0,"50667581440,0","15200157696,0",12.0,2000.0,400.0,25
GWDXGB1TFOK,YTCDGBL0M53,Superviseur,V14_3_BELL,V14_3_BELL,V14_3_BELL.f8c1880.06/08/2020 18:49,Oracle,11.2.0.4.0,300.0,50.0,"16726110208,0","6291456000,0",4.0,2000.0,400.0,39
NWKGGB97,YHFYGBJR,Ventes,V10_3_1,V10_3_1,V10_3_1.f15011.31/01/2018 14:41,Oracle,19.0.0.0.0,400.0,,"99711602688,0","34359738368,0",48.0,2000.0,3840.0,288
FBMPGBTCSPF,HMWRGB38,Superviseur,V14_3,V14_3,V14_3.e46e23c.05/05/2020 17:26,Oracle,11.2.0.3.0,500.0,10.0,"135040802816,0","4194304000,0",24.0,600.0,750.0,64
OTFRGBNY6WO,LXZWGBHYF43,Superviseur,V12_2,V12_2,V12_2.dd1312.07/02/2019 09:28,Oracle,11.2.0.3.0,500.0,,"67686121472,0","4194304000,0",24.0,600.0,150.0,23
SVRTGB9N79E,HLFYGBH9,Ventes,V2013_09_03,V2013_09_03,V2013_09_03,Oracle,11.2.0.3.0,,,"50667646976,0","6694109184,0",24.0,,,0
XZYTGBI1RIG,OIELGB5I,Portail,master,master,master.d33c54a.29/01/2021 21:00,Oracle,11.2.0.4.0,200.0,10.0,"16639864832,0","4999610368,0",4.0,2000.0,350.0,0
UDBBGBUH0SM,CQWVGBTNXGP,Ventes,V10_1,V10_1,V10_1.afec60.23/01/2018 16:44,Oracle,11.2.0.3.0,300.0,,"33611939840,0","7868514304,0",12.0,2000.0,150.0,0
BFJFGBL6,CQWVGBTNXGP,Ventes,V10_1,V10_1,V10_1.afec60.23/01/2018 16:44,Oracle,11.2.0.3.0,300.0,,"33611939840,0","7868514304,0",12.0,,,0
ANDAGBWV,NDDYGBR4A79,Superviseur,V15_2L,V15_2L,V15_2L.d211415.21/10/2020 16:48,Oracle,11.2.0.3.0,300.0,10.0,"269716639744,0","4194304000,0",24.0,600.0,750.0,80
KRQHGBXKGUL,SQINGBPYNEO,Superviseur,V16_1,V16_1,V16_1.59ad146.29/09/2020 11:59,Oracle,11.2.0.3.0,500.0,10.0,"134425260032,0","4194304000,0",24.0,600.0,750.0,9
YHMBGBN7,ROHXGBR1,Superviseur,V16_1,V16_1,V16_1.59ad146.29/09/2020 11:59,Oracle,11.2.0.3.0,500.0,10.0,"134425260032,0","4194304000,0",24.0,600.0,750.0,77
UPZBGBGL,XTWUGBRX,Superviseur,V15_2,V15_2,V15_2.93da78f.15/07/2020 19:00,Oracle,11.2.0.3.0,500.0,10.0,"269715394560,0","4194304000,0",32.0,600.0,750.0,35
JSFEGBGK5NO,YBTGGBGFWUD,Superviseur,V15_2L,V15_2L,V15_2L.d211415.21/10/2020 16:48,Oracle,11.2.0.3.0,300.0,10.0,"269708263424,0","4194304000,0",24.0,600.0,750.0,46
YDMLGBUE,FDEAGBUA,Superviseur,V15_2L,V15_2L,V15_2L.d211415.21/10/2020 16:48,Oracle,11.2.0.3.0,300.0,10.0,"134425255936,0","4194304000,0",24.0,600.0,750.0,33
HSRWGB9G1M9,GBBEGB91,Superviseur,V15_2,V15_2,V15_2.68d94b5.12/06/2020 17:59,Oracle,11.2.0.3.0,500.0,10.0,"134599602176,0","4194304000,0",32.0,600.0,150.0,3
CTDCGBCE,AWXXGB46,Superviseur,V16_3,V16_3,V16_3.cce34d8.26/01/2021 18:36,Oracle,11.2.0.3.0,300.0,10.0,"134599790592,0","4194304000,0",32.0,600.0,750.0,0
ZDCBGB4UCCR,PEVOGBLT,Ventes,V15_2,V15_2,V15_2.a2126cd.10/08/2020 19:15,Oracle,11.2.0.3.0,500.0,10.0,"203091169280,0","16777216000,0",24.0,600.0,1000.0,4
VPGZGB851IF,YPPWGB1Y00Y,Ventes,V15_2,V15_2,V15_2.a2126cd.10/08/2020 19:15,Oracle,11.2.0.3.0,500.0,10.0,"203091169280,0","8388608000,0",24.0,600.0,1000.0,32
LDNQGBE7SZF,SMKZGB9X2T1,Ventes,V15_2,V15_2,V15_2.a2126cd.10/08/2020 19:15,Oracle,11.2.0.3.0,500.0,10.0,"203091169280,0","8388608000,0",24.0,600.0,1000.0,28
WIFKGB1W7BT,EQOEGBP5,Ventes,V15_2,V15_2,V15_2.a2126cd.10/08/2020 19:15,Oracle,11.2.0.3.0,500.0,10.0,"203091169280,0","16777216000,0",24.0,600.0,1000.0,43
FTZCGBZH,USOXGBRC,Ventes,V15_2,V15_2,V15_2.a2126cd.10/08/2020 19:15,Oracle,11.2.0.3.0,500.0,10.0,"203091169280,0","16777216000,0",24.0,600.0,1000.0,11
CIEFGBDC,YXBGGBTBZ5D,Ventes,V15_2,V15_2,V15_2.d02e99d.10/12/2020 18:35,Oracle,11.2.0.3.0,500.0,10.0,"203091169280,0","8388608000,0",24.0,600.0,1000.0,8
XCPAGB842G5,QLEFGBQA,Ventes,V15_2,V15_2,V15_2.a2126cd.10/08/2020 19:15,Oracle,11.2.0.3.0,500.0,10.0,"203065589760,0","8388608000,0",24.0,600.0,1000.0,2
EKKSGBLFKI4,TEWNGBKY9MM,Ventes,V15_2,V15_2,V15_2.d02e99d.10/12/2020 18:35,Oracle,11.2.0.3.0,500.0,10.0,"33800581120,0","8388608000,0",4.0,600.0,1000.0,27
RMCLGBQKCBE,NBFRGBE2,Superviseur,V16_3,V16_3,V16_3.cce34d8.26/01/2021 18:36,Oracle,11.2.0.3.0,300.0,10.0,"67685949440,0","4194304000,0",16.0,600.0,750.0,80
VFPIGB0Q,NDHYGBJPLIT,Ventes,V15_25,V15_25,V15_25.7259459.15/09/2020 10:38,Oracle,12.2.0.1.0,300.0,50.0,"33737383936,0","8388608000,0",4.0,2000.0,400.0,45
QAUXGBLT33P,QGLMGB5RC0Q,Superviseur,V13_2_1,V13_2_1,V13_2_1.5f322c.13/06/2019 14:28,Oracle,11.2.0.3.0,150.0,50.0,"67554492416,0","7868514304,0",24.0,2000.0,150.0,51
CVKVGB7D,XXVSGBJ2,Superviseur,V13_2_1,V13_2_1,V13_2_1.5f322c.13/06/2019 14:28,Oracle,11.2.0.3.0,150.0,50.0,"67554492416,0","7868514304,0",24.0,2000.0,150.0,30
LNZOGBWTNJC,XLZIGBLNXFY,Superviseur,V13_2_1,V13_2_1,V13_2_1.5f322c.13/06/2019 14:28,Oracle,11.2.0.3.0,150.0,50.0,"67554484224,0","7868514304,0",24.0,2000.0,150.0,55
QYEAGBWTWQ3,SSXGGB2XCJP,Ventes,V13_2_1,V13_2_1,V13_2_1.5f322c.13/06/2019 14:28,Oracle,11.2.0.3.0,150.0,50.0,"67554484224,0","7868514304,0",24.0,2000.0,150.0,68
ZVNCGBRD,MMFKGBAB,Superviseur,V14_1_2,V14_1_2,V14_1_2.d43624a.11/10/2019 18:55,Oracle,12.2.0.1.0,250.0,50.0,"33737379840,0","14696841216,0",4.0,2000.0,350.0,46
IMJBGBUD,JWLRGBX1UI6,Ventes,V14_1,V14_1,V14_1.5779dd1.09/04/2020 13:56,Oracle,12.2.0.1.0,300.0,50.0,"33737379840,0","14696841216,0",4.0,2000.0,400.0,48
VUTVGBVC,DUTFGBUA,Superviseur,V8_2,V8_2,V8_2,Oracle,11.2.0.3.0,150.0,,"67665293312,0","2466250752,0",24.0,2000.0,150.0,0
MOJYGBRDG40,PZGGGBR7,Ventes,V8_2,V8_2,V8_2,Oracle,11.2.0.3.0,50.0,,"67665289216,0","6610223104,0",24.0,2000.0,150.0,6
PRCAGBC4,VKIYGBM3WCA,Ventes,V14_3,V14_3,V14_3.9cf995d.27/03/2020 17:47,Oracle,11.2.0.3.0,500.0,10.0,"203091169280,0","16777216000,0",24.0,600.0,1000.0,25
ZNZEGBYP,WAIHGBF70JI,Ventes,V10_2,V10_2,V10_2.5978737.25/09/2019 14:14,Oracle,12.2.0.1.0,200.0,,"33737064448,0","10133438464,0",6.0,2000.0,320.0,78
MEQGGBEH,PZHWGBVJ,Ventes,V16_2_2,V16_2_2,V16_2_2.96a8cd2.23/12/2020 18:51,Oracle,11.2.0.4.0,300.0,20.0,"67644063744,0","12582912000,0",24.0,2000.0,400.0,17
NLUKGBU9,ZSZIGBQI,Ventes,V11_2,V11_2,V11_2.8018de.08/02/2019 14:53,Oracle,11.2.0.4.0,150.0,,"67644063744,0","12582912000,0",24.0,2000.0,150.0,12
VAEZGBMYS5B,BMHYGBZEURA,Ventes,V12_3hib5,V12_3hib5,V12_3hib5.eca8314.11/01/2019 12:39,Oracle,12.2.0.1.0,150.0,20.0,"33595199488,0","5368709120,0",8.0,2000.0,150.0,3
PHKQGBP2,ZUKBGBZKIYN,Superviseur,V12_1,V12_1,V12_1.97249f6.01/10/2018 18:28,Oracle,11.2.0.4.0,50.0,,"67064635392,0","12582912000,0",32.0,2000.0,400.0,16
JJXVGBZJL9D,AUMFGBLB,Ventes,V12_1,V12_1,V12_1.97249f6.01/10/2018 18:28,Oracle,11.2.0.4.0,150.0,,"67064635392,0","12582912000,0",32.0,2000.0,400.0,15
YFYXGBK1KBO,GGXUGBD4,Ventes,V8_3_3,V8_3_3,V8_3_3,Oracle,11.2.0.4.0,150.0,,"67644280832,0","10502537216,0",24.0,2000.0,150.0,11
WJESGBVSIC6,PMROGBPF,Ventes,V16_1,V16_1,V16_1.6c69e3c.20/10/2020 17:42,Oracle,12.2.0.1.0,300.0,50.0,"33737269248,0","12582912000,0",4.0,2000.0,400.0,18
AMBDGBCW,CNZYGBRS,Superviseur,V10_2,V10_2,V10_2.baa86.25/01/2018 15:50,Oracle,11.2.0.3.0,150.0,,"33770475520,0","7868514304,0",24.0,2000.0,400.0,14
STXVGBVL,QXPSGBRB,Ventes,V9_2,V9_2,V9_2.b97ded.17/06/2017 16:59,Oracle,11.2.0.3.0,50.0,,"50552610816,0","12582912000,0",24.0,2000.0,150.0,19
PRYVGBRU,BVTHGBHHBUX,Superviseur,V11_1,V11_1,V11_1.9484e0.25/05/2018 17:06,Oracle,11.2.0.3.0,150.0,,"33472131072,0","8388608000,0",24.0,2000.0,150.0,73
QOQQGBGCDKP,NZDUGBRMVBZ,Ventes,V11_1,V11_1,V11_1.82177b.15/10/2018 15:34,Oracle,11.2.0.3.0,150.0,,"33472131072,0","8388608000,0",24.0,2000.0,150.0,55
WSZCGBFK34Z,HICIGBC3,Ventes,V6_1,V6_1,V6_1,Oracle,11.2.0.3.0,150.0,,"50699366400,0","8388608000,0",24.0,2000.0,150.0,0
GHTFGBVP,JXPSGB8N,Ventes,V9_3,V9_3,V9_3.09142f.18/09/2017 19:26,Oracle,11.2.0.4.0,150.0,,"67291381760,0","16777216000,0",24.0,2000.0,150.0,38
FOJZGBB9G6N,FMOAGBBT,Ventes,V13_2,V13_2,V13_2.bd32d9.10/06/2019 16:23,Oracle,12.2.0.1.0,100.0,50.0,"66930315264,0","12582912000,0",32.0,2000.0,2560.0,17
IDSAGBK51Q5,GFRNGBQ2,Ventes,V10_3,V10_3,V10_3.7853679.14/02/2018 13:19,Oracle,11.2.0.4.0,150.0,,"67526131712,0","16777216000,0",40.0,2000.0,150.0,12
WUFSGBUI,XZXTGBX2,Superviseur,V12_2hib5_2,V12_2hib5_2,V12_2hib5_2.028fc6b.14/02/2019 16:11,Oracle,11.2.0.3.0,150.0,50.0,"50570637312,0","4731174912,0",24.0,2000.0,150.0,19
RZIIGBC4DOX,ULHKGBIGORK,Superviseur,V12_2hib5_2,V12_2hib5_2,V12_2hib5_2.028fc6b.14/02/2019 16:11,Oracle,11.2.0.3.0,150.0,50.0,"50570637312,0","4731174912,0",24.0,2000.0,150.0,18
YBODGBSM,LSUZGBRB,Superviseur,V12_2hib5_2,V12_2hib5_2,V12_2hib5_2.028fc6b.14/02/2019 16:11,Oracle,11.2.0.3.0,150.0,50.0,"33799983104,0","8589934592,0",8.0,2000.0,150.0,20
LMAVGBNS822,HSRSGBS0,Ventes,V12_2hib5_2,V12_2hib5_2,V12_2hib5_2.028fc6b.14/02/2019 16:11,Oracle,11.2.0.3.0,300.0,50.0,"33799983104,0","8589934592,0",8.0,2000.0,400.0,62
QWTFGBFW,VCDWGBFEEC1,Ventes,V13_1,V13_1,V13_1.877232.08/04/2019 18:15,Oracle,11.2.0.4.0,150.0,50.0,"33608699904,0","6224347136,0",12.0,2000.0,150.0,51
PSQWGB45,NSLOGBM7X5K,Ventes,V15_1,V15_1,V15_1.0db709a.05/03/2020 14:02,Oracle,12.2.0.1.0,300.0,50.0,"33737383936,0","10737418240,0",4.0,2000.0,320.0,65
HCRCGBOTTR6,NSLOGBM7X5K,Ventes,V15_1,V15_1,V15_1.0db709a.05/03/2020 14:02,Oracle,12.2.0.1.0,300.0,,"33737383936,0","10737418240,0",4.0,2000.0,320.0,0
UFBSGB58,ZEAXGB3T,Ventes,V15_1_7,V15_1_7,V15_1_7.c82a838.20/01/2021 09:20,Oracle,12.2.0.1.0,300.0,50.0,"66922000384,0","12582912000,0",16.0,2000.0,1280.0,82
HUIWGBSR,CGQDGB83,Superviseur,V10_3,V10_3,V10_3.7410b0.26/03/2018 17:53,Oracle,11.2.0.4.0,100.0,,"67528855552,0","7868514304,0",20.0,2000.0,400.0,29
HJGFGBHMVET,MPYSGBQS,Ventes,V10_3,V10_3,V10_3.7410b0.26/03/2018 17:53,Oracle,11.2.0.4.0,100.0,,"67528855552,0","12582912000,0",20.0,2000.0,400.0,24
BMPSGB9Y,VYAPGB3O,Ventes,V12_3hib5,V12_3hib5,V12_3hib5.7a571e.11/02/2019 12:33,Oracle,12.2.0.1.0,150.0,20.0,"66929356800,0","12582912000,0",40.0,2000.0,3200.0,20
KXGAGB39,IMCDGBDMTVB,Superviseur,V13_1_1,V13_1_1,V13_1_1.bfa5e9.22/03/2019 18:02,Oracle,11.2.0.3.0,100.0,50.0,"16862969856,0","4294967296,0",2.0,2000.0,150.0,10
RLVMGBZ0,GJVHGB91YMU,Ventes,V13_1_6,V13_1_6,V13_1_6.664559a.10/09/2020 11:15,Oracle,11.2.0.4.0,150.0,50.0,"540675702784,0","17179869184,0",32.0,2000.0,1024.0,77
LGESGBAC,UQSJGBZN,Ventes,V12_3hib5,V12_3hib5,V12_3hib5.8f6eaf.21/03/2019 16:32,Oracle,12.2.0.1.0,150.0,50.0,"66924470272,0","12582912000,0",32.0,2000.0,2560.0,8
DPAMGBBQ,TSLVGBRN51L,Ventes,V12_1,V12_1,V12_1.1c616e.13/11/2018 16:36,Oracle,11.2.0.3.0,150.0,,"33609723904,0","7868514304,0",24.0,2000.0,150.0,70
BGFEGBSU2XY,GLIWGB4A,Ventes,V13_2,V13_2,V13_2.ec94fc8.18/06/2020 15:16,Oracle,11.2.0.3.0,300.0,50.0,"33639301120,0","4513071104,0",24.0,2000.0,400.0,36
EIRZGBIV117,TDSKGBA6KQG,Ventes,V14_3,V14_3,V14_3.ab96b43.17/06/2020 18:48,PostgreSQL,11.6,300.0,50.0,,,,,,3
JVXTGBAA,RLNOGB29,Ventes,V11_2,V11_2,V11_2.d47977.31/07/2018 20:51,Oracle,12.2.0.1.0,200.0,,"33658998784,0","6291456000,0",16.0,2000.0,1280.0,20
CDZGGB5E,DBPXGBGLSF1,Ventes,V11_2,V11_2,V11_2.122a0e.10/08/2018 18:27,Oracle,11.2.0.3.0,50.0,,"50716119040,0","7079985152,0",24.0,2000.0,150.0,28
KCERGB3I,RBXWGBUX0LR,Superviseur,V13_1_1,V13_1_1,V13_1_1.bfa5e9.22/03/2019 18:02,Oracle,11.2.0.4.0,200.0,50.0,"16726577152,0","6291456000,0",1.0,2000.0,150.0,10
EFJMGB81AOG,ZWCBGBMCXZ3,Ventes,V8_1,V8_1,V8_1,Oracle,10.2.0.5.0,150.0,,"25267761152,0","7549747200,0",16.0,2000.0,200.0,2
YUIGGBNP,NOBDGBHMV79,Superviseur,V11_1,V11_1,V11_1.661891.07/03/2019 15:07,Oracle,11.2.0.3.0,50.0,,"101502459904,0","3154116608,0",24.0,2000.0,150.0,10
VVQOGBKMMDE,XRZIGBLSU8Q,Ventes,V11_1,V11_1,V11_1.661891.07/03/2019 15:07,Oracle,11.2.0.3.0,50.0,,"101502459904,0","3154116608,0",24.0,2000.0,150.0,12
QMQLGBLRENR,WJNPGBN200Q,Superviseur,V13_1_1,V13_1_1,V13_1_1.bfa5e9.22/03/2019 18:02,Oracle,11.2.0.4.0,200.0,50.0,"16726355968,0","6291456000,0",2.0,2000.0,150.0,27
EMJUGB2U,KBFYGBGTMDQ,Ventes,V11_2,V11_2,V11_2.bfafa0.08/11/2018 14:09,Oracle,11.2.0.4.0,150.0,,"67644280832,0","12582912000,0",24.0,2000.0,150.0,21
IJFUGBATQ1Y,LRKSGBX32BD,Superviseur,V6_3,V6_3,V6_3,Oracle,11.2.0.4.0,50.0,,"67064705024,0","12582912000,0",20.0,2000.0,150.0,0
VWXYGBDO,IWESGBAK,Ventes,V6_3,V6_3,V6_3,Oracle,11.2.0.4.0,100.0,,"67064705024,0","12582912000,0",20.0,2000.0,150.0,0
JOCWGB7A,IMCDGB1H60N,Ventes,V14_1_3,V14_1_3,V14_1_3.2f6ba30.30/10/2019 11:15,Oracle,11.2.0.4.0,300.0,50.0,"25198006272,0","6291456000,0",8.0,2000.0,350.0,131
SFNFGBVE0I9,ZVGZGBXLV6R,Ventes,V13_2,V13_2,V13_2.314d2e7.24/05/2019 18:11,Oracle,12.2.0.1.0,200.0,50.0,"33737383936,0","8388608000,0",4.0,2000.0,320.0,13
FMBDGB0OIE9,RSPHGBZVDB4,Ventes,V15_2_1,V15_2_1,V15_2_1.1027bff.01/06/2020 17:03,Oracle,11.2.0.3.0,300.0,50.0,"50540605440,0","3305111552,0",24.0,2000.0,400.0,71
IVAUGB8A,VHRGGBD2,Ventes,V13_2,V13_2,V13_2.601d398.03/06/2019 17:56,Oracle,12.2.0.1.0,300.0,50.0,"16657149952,0","6442450944,0",4.0,2000.0,400.0,19
LPQGGB66,JMYOGB27,Superviseur,V14_1,V14_1,V14_1.98fe1a3.19/11/2019 19:02,Oracle,12.2.0.1.0,250.0,50.0,"66751864832,0","8053063680,0",40.0,2000.0,700.0,16
MIGTGB7R6U0,LTSOGBQ4,Ventes,V14_1,V14_1,V14_1.98fe1a3.19/11/2019 19:02,Oracle,12.2.0.1.0,250.0,50.0,"66751864832,0","8053063680,0",40.0,2000.0,700.0,10
BMEMGB24,FTVQGBK7KZG,Ventes,V8_2,V8_2,V8_2,Oracle,11.2.0.4.0,150.0,,"50699304960,0","10502537216,0",24.0,2000.0,400.0,14
KSGQGBXT2Y9,OTPNGBRA,Ventes,V9_1,V9_1,V9_1,Oracle,11.2.0.3.0,150.0,,"25300123648,0","5049942016,0",4.0,2000.0,150.0,14
VASNGBJWRUC,GQPHGBJ783R,Superviseur,V10_2_1,V10_2_1,V10_2_1.61e77b.03/05/2018 12:18,Oracle,11.2.0.3.0,250.0,,"33670942720,0","3221225472,0",24.0,2000.0,150.0,13
FXRFGB93,OTLMGBCU,Superviseur,V11_2,V11_2,V11_2.f3f25c.15/06/2018 10:29,Oracle,11.2.0.4.0,150.0,,"67528855552,0","12582912000,0",20.0,2000.0,300.0,120
PXRQGBZC8P6,TVIRGBARTLI,Ventes,V11_2,V11_2,V11_2.eaaa5.13/11/2018 18:08,Oracle,11.2.0.4.0,150.0,,"67528855552,0","12582912000,0",20.0,2000.0,300.0,54
HFGCGB6C,SOULGBKT,Ventes,V15_2,V15_2,V15_2.16cce54.02/10/2020 18:11,Oracle,11.2.0.4.0,300.0,50.0,"67529039872,0","14159970304,0",20.0,2000.0,400.0,136
VSRGGB0R,WTDQGBG2,Ventes,V10_1,V10_1,V10_1.b1e0c8.04/04/2019 17:36,Oracle,11.2.0.4.0,150.0,,"67386875904,0","12582912000,0",40.0,2000.0,400.0,16
YHFUGBOJZBH,RNGVGBVU,Superviseur,V14_3_BELL,V14_3_BELL,V14_3_BELL.f8c1880.06/08/2020 18:49,Oracle,11.2.0.3.0,300.0,50.0,"33777807360,0","7600078848,0",24.0,2000.0,400.0,24
QDQOGBJW,KRTOGB9L4YR,Ventes,V2014_02_03,V2014_02_03,V2014_02_03,Oracle,12.2.0.1.0,,,"66930315264,0","12582912000,0",32.0,,,0
NRFTGBNJJPU,LGCUGBPU,Ventes,V12_2hib5,V12_2hib5,V12_2hib5.5891f2.02/01/2019 18:32,Oracle,12.2.0.1.0,150.0,20.0,"66924470272,0","12582912000,0",32.0,2000.0,2560.0,22
ILVNGBLB,TAKFGBE6,Ventes,V13_2,V13_2,V13_2.f264b0.15/07/2019 10:40,Oracle,12.2.0.1.0,150.0,50.0,"50507202560,0","5368709120,0",8.0,2000.0,300.0,4
ARCGGBYD3J5,KSYQGB5W,Ventes,V15_1,V15_1,V15_1.6b6808c.30/04/2020 18:31,Oracle,11.2.0.4.0,300.0,50.0,"100706418688,0","8053063680,0",16.0,2000.0,400.0,101
SAFLGBT1,NISXGB6JIWB,Superviseur,V13_3_6,V13_3_6,V13_3_6.2ff960c.22/10/2019 16:02,Oracle,11.2.0.4.0,300.0,50.0,"67644280832,0","12582912000,0",24.0,2000.0,350.0,43
QIUKGBSE,ILCAGB4HL5J,Ventes,V13_3_6,V13_3_6,V13_3_6.2ff960c.22/10/2019 16:02,Oracle,11.2.0.4.0,300.0,50.0,"67644280832,0","12582912000,0",24.0,2000.0,350.0,51
